[{"model": "mainapp.topic", "pk": 1, "fields": {"topic": "Социальная инженерия"}}, {"model": "mainapp.topic", "pk": 2, "fields": {"topic": "фишинг"}}, {"model": "mainapp.topic", "pk": 3, "fields": {"topic": "Введение"}}, {"model": "mainapp.topic", "pk": 4, "fields": {"topic": "Парольная политика"}}, {"model": "mainapp.topic", "pk": 5, "fields": {"topic": "Спам"}}, {"model": "mainapp.card", "pk": 1, "fields": {"image": "card_img/phishing_NMhopXI.webp", "title": "Более 50% хакеров  используют  фишинг  в качестве отправной  точки взлома", "text": "Давайте узнаем все о фишинге и не  оставим им шансов!", "order": 3, "topic": 2}}, {"model": "mainapp.card", "pk": 2, "fields": {"image": "card_img/introduction.jpg", "title": "Введение", "text": "Коментарии от автора", "order": 1, "topic": 3}}, {"model": "mainapp.card", "pk": 3, "fields": {"image": "card_img/bad_pswd.png", "title": "Как выбрать хороший пароль?", "text": "Ваш пароль должен содержать цифры, буквы, знаки пунктуации, завязку, развитие, кульминацию, неожиданный финал и ...", "order": 2, "topic": 4}}, {"model": "mainapp.card", "pk": 4, "fields": {"image": "card_img/spam.webp", "title": "Чем может быть опасен спам", "text": "Узнайте как реагировать на подозрительные вложения к письму", "order": 4, "topic": 5}}, {"model": "mainapp.card", "pk": 5, "fields": {"image": "card_img/social_ing.jpg", "title": "В  последние годы наблюдается  взрывной рост количества   инцедентов безопасности  связанных с социальной  инженерией", "text": "спастись от этого “взрыва”   поможет советский копеечный  ...", "order": 2, "topic": 1}}, {"model": "mainapp.contentcard", "pk": 8, "fields": {"text": "<p><span style=\"font-size:12pt\"><span style=\"font-family:'Times New Roman'\"><span style=\"color:#000000\">&nbsp;&nbsp;&nbsp; Прежде всего разберем какие пароли точно нельзя использовать.</span></span></span></p>\r\n\r\n<p><span style=\"font-size:12pt\"><span style=\"font-family:'Times New Roman'\"><span style=\"color:#000000\"><img alt=\"\" class=\"img-content-card\" src=\"/media/ck_editor_files/2021/04/26/screenshot_2021-04-26.png\" style=\"height:300px; width:710px\" /></span></span></span></p>\r\n\r\n<ol>\r\n\t<li style=\"list-style-type:decimal\"><span style=\"font-size:12pt\"><span style=\"font-family:'Times New Roman'\"><span style=\"color:#000000\">Пароль меньше 10 символов не рекомендуется ввиду того, что на данный момент считается что у них недостаточно высокая защищенность от простого перебора.</span></span></span></li>\r\n\t<li style=\"list-style-type:decimal\"><span style=\"font-size:12pt\"><span style=\"font-family:'Times New Roman'\"><span style=\"color:#000000\">Пароли по умолчанию - это первое, что будет проверено хакером в попытках подобрать пароль. Такой пароль будет подобран менее чем за секунду!</span></span></span></li>\r\n\t<li style=\"list-style-type:decimal\"><span style=\"font-size:12pt\"><span style=\"font-family:'Times New Roman'\"><span style=\"color:#000000\">Под словарным словом имеется в виду некоторое слово или устойчивое словосочетание. Да, это тоже считается недостаточно защищенным. Конечно, сложность подбора этого слова зависит от его популярности. Но даже если паролем будет какое-нибудь очень редкое слово, которое вообще мало кому придет в голову (к примеру &ldquo;синхрофазотрон&rdquo;), то оно все равно может быть подобрано. Пускай это и займет существенно больше времени в сравнении с каким-нибудь популярным словом.</span></span></span></li>\r\n\t<li style=\"list-style-type:decimal\"><span style=\"font-size:12pt\"><span style=\"font-family:'Times New Roman'\"><span style=\"color:#000000\">Тут тоже все просто: личная информация это то, что будет проверено в числе первых, особенно при атаке на конкретного пользователя. Эта информация может быть получена как из открытых источников, потому что в интернете, хотите вы этого или нет, уже содержится достаточно много информации о вас. Причем зачастую вы сами же и выставляете эту информацию. Под личными данными подразумевается все что относится лично к вам: ваше имя, фамилия, отчество, имя кого-то/чего-то важного для вас, название вашего города, организации и т.д.</span></span></span></li>\r\n\t<li style=\"list-style-type:decimal\"><span style=\"font-size:12pt\"><span style=\"font-family:'Times New Roman'\"><span style=\"color:#000000\">Этот пункт тоже будет проверен одним из первых. Под информацией о ресурсе имеется ввиду его название или ассоциация с ним.&nbsp;</span></span></span></li>\r\n\t<li style=\"list-style-type:decimal\"><span style=\"font-size:12pt\"><span style=\"font-family:'Times New Roman'\"><span style=\"color:#000000\">Цифры лишь немного усиливают предыдущие пароли, поэтому они не являются достаточным методом их усиления.</span></span></span></li>\r\n\t<li style=\"list-style-type:decimal\"><span style=\"font-size:12pt\"><span style=\"font-family:'Times New Roman'\"><span style=\"color:#000000\">Тут тоже самое что и в предыдущем пункте. Все эти замены вполне очевидны и не добавляют большого количества вариантов.</span></span></span></li>\r\n\t<li style=\"list-style-type:decimal\"><span style=\"font-size:12pt\"><span style=\"font-family:'Times New Roman'\"><span style=\"color:#000000\">Это является очевидным, что некоторое количество людей в целях удобства набора пароля выберет пароль, состоящий из расположенных рядом символов. Поэтому комбинации из стоящих рядом клавиш тоже будут проверены в числе первых.</span></span></span></li>\r\n\t<li style=\"list-style-type:decimal\"><span style=\"font-size:12pt\"><span style=\"font-family:'Times New Roman'\"><span style=\"color:#000000\">Комбинации и повторы предыдущих методов тоже являются популярными, поэтому такие варианты тоже будут проверены. Пускай это и усложнит процесс подбора в сравнении с предыдущими методами.</span></span></span></li>\r\n</ol>\r\n\r\n<p>&nbsp;</p>\r\n\r\n<p><span style=\"font-size:12pt\"><span style=\"font-family:'Times New Roman'\"><span style=\"color:#000000\">&nbsp;&nbsp;&nbsp; Приведенный выше список не является исчерпывающим, но по моему мнению избегания паролей из данного списка вполне достаточно.</span></span></span></p>\r\n\r\n<p><span style=\"font-size:12pt\"><span style=\"font-family:'Times New Roman'\"><span style=\"color:#000000\">&nbsp;&nbsp;&nbsp; Ранее мы &ldquo;очертили границу&rdquo; плохих паролей, а теперь давайте поговорим о хороших паролях и как их получить.</span></span></span></p>\r\n\r\n<p>&nbsp;</p>\r\n\r\n<p style=\"text-align:justify\"><span style=\"font-size:12pt\"><span style=\"font-family:'Times New Roman'\"><span style=\"color:#000000\">&nbsp;&nbsp;&nbsp; Идеальный с точки зрения безопасности вариант - это сгенерированный криптостойким генератором пароль (он будет состоять из случайных символов) как можно большей длины. Но так как этот вариант крайне сложно запомнить, этот вариант не считается оптимальным. Чтобы не слишком затягивать материал перейдем к самому оптимальному - мнемоническим методам.</span></span></span></p>\r\n\r\n<p style=\"text-align:justify\"><img alt=\"\" class=\"img-content-card\" src=\"/media/ck_editor_files/2021/05/10/screenshot_2021-05-10.png\" style=\"height:458px; width:342px\" /></p>\r\n\r\n<p><span style=\"font-size:12pt\"><span style=\"font-family:'Times New Roman'\"><span style=\"color:#000000\">PS: мнемоника - это набор техник, которые облегчают запоминание информации путем создания легко запоминаемых ассоциаций.</span></span></span></p>", "topic": 4, "order": 2, "label": "2"}}, {"model": "mainapp.contentcard", "pk": 9, "fields": {"text": "<p style=\"text-align:justify\"><span style=\"font-size:12pt\"><span style=\"font-family:'Times New Roman'\"><span style=\"color:#000000\">&nbsp;&nbsp;&nbsp; Разграничение доступа это один из главных, если вообще не самый главный механизм обеспечения безопасности в целом.&nbsp;</span></span></span></p>\r\n\r\n<p style=\"text-align:justify\"><span style=\"font-size:12pt\"><span style=\"font-family:'Times New Roman'\"><span style=\"color:#000000\">&nbsp;&nbsp;&nbsp; Аутентификация является одним из самых важных элементов при реализации системы разграничения доступа. Цель аутентификации - проверка доказательств, что вы являетесь тем, кем вы представились. А самым распространенным методом аутентификации является парольный метод. Поэтому нам очень важно рассмотреть некоторые вопросы связанные с паролями.&nbsp;</span></span></span></p>\r\n\r\n<p style=\"text-align:justify\"><span style=\"font-size:12pt\"><span style=\"font-family:'Times New Roman'\"><span style=\"color:#000000\">&nbsp;</span></span></span><span style=\"font-size:12pt\"><span style=\"font-family:'Times New Roman'\"><span style=\"color:#000000\">&nbsp;&nbsp;&nbsp; </span></span></span><span style=\"font-size:12pt\"><span style=\"font-family:'Times New Roman'\"><span style=\"color:#000000\">Давайте узнаем,&nbsp; что определяет качество пароля, и как выбрать хороший пароль. Под хорошим в данном случае имеется в виду тот пароль, подбор которого почти невозможен. И даже в случае, если злоумышленник украдет файл, содержащий аутентификационную информацию для системы, в котором хранится хеш вашего пароля, то восстановление вашего пароля из хеша будет чрезвычайно сложным.&nbsp;</span></span></span></p>\r\n\r\n<p style=\"text-align:justify\"><span style=\"font-size:12pt\"><span style=\"font-family:'Times New Roman'\"><span style=\"color:#000000\">&nbsp;&nbsp;&nbsp; PS: Хеш - это результат работы хеш-функции которая осуществляет одностороннее преобразование входного значения/аргумента (в нашем контексте пароля) в выходной результат фиксированной длины (хеш). Под односторонним преобразованием имеется в виду то, что из аргумента легко получить значение функции (хеш). А из значения функции (хеша) получить значение аргумента (пароля) крайне сложно.</span></span></span></p>", "topic": 4, "order": 1, "label": "1"}}, {"model": "mainapp.contentcard", "pk": 10, "fields": {"text": "<p><span style=\"font-size:12pt\"><span style=\"font-family:'Times New Roman'\"><span style=\"color:#000000\">&nbsp;&nbsp;&nbsp; Рассмотрим классический комикс от XKCD о проблеме выбора пароля и последующего его использования.&nbsp;</span></span></span></p>\r\n\r\n<p><span style=\"font-size:12pt\"><span style=\"font-family:'Times New Roman'\"><span style=\"color:#000000\"><img alt=\"\" class=\"img-content-card\" src=\"/media/ck_editor_files/2021/05/10/xkcd.png\" style=\"height:533px; width:656px\" /></span></span></span></p>\r\n\r\n<p><span style=\"font-size:12pt\"><span style=\"font-family:'Times New Roman'\"><span style=\"color:#000000\">&nbsp;&nbsp;&nbsp; В верхней части приводится пример плохого во всех смыслах пароля. Ранее мы уже рассмотрели критерии плохого пароля, который можно взломать. И исходя из них, приведенный пароль является плохим. Более того здесь поднимаются вопросы применения данного пароля, и исходя из них пароль также является плохим. Его трудно запомнить, что несет в себе много потенциальных проблем и неудобств. В общем, никогда не создавайте пароли по принципам, которые отображены в верхней части.</span></span></span></p>\r\n\r\n<p><span style=\"font-size:12pt\"><span style=\"font-family:'Times New Roman'\"><span style=\"color:#000000\">&nbsp;&nbsp;&nbsp; В нижней части рассматривается метод, который по мнению автора комикса является более оптимальным. Его суть заключается в выборе нескольких (в данном случае 4ех) случайных слов и составлении из них пароля. А чтобы запомнить эти 4 случайных слова была выдуман комичный диалог в котором в котором вы даете ответ &ldquo;</span></span></span><span style=\"font-size:12pt\"><span style=\"font-family:'Times New Roman'\"><span style=\"color:#000000\"><u>правильно</u></span></span></span><span style=\"font-size:12pt\"><span style=\"font-family:'Times New Roman'\"><span style=\"color:#000000\">&rdquo; для </span></span></span><span style=\"font-size:12pt\"><span style=\"font-family:'Times New Roman'\"><span style=\"color:#000000\"><u>лошади</u></span></span></span><span style=\"font-size:12pt\"><span style=\"font-family:'Times New Roman'\"><span style=\"color:#000000\">, которая говорит: &ldquo;это же </span></span></span><span style=\"font-size:12pt\"><span style=\"font-family:'Times New Roman'\"><span style=\"color:#000000\"><u>батарея</u></span></span></span><span style=\"font-size:12pt\"><span style=\"font-family:'Times New Roman'\"><span style=\"color:#000000\"> со </span></span></span><span style=\"font-size:12pt\"><span style=\"font-family:'Times New Roman'\"><span style=\"color:#000000\"><u>скобкой&rdquo;</u></span></span></span><span style=\"font-size:12pt\"><span style=\"font-family:'Times New Roman'\"><span style=\"color:#000000\">, по поводу батареи со скобкой которая тоже находится в выдуманной ситуации. И вот просто представив лошадь и батарею со скобкой вы уже вспомнили пароль.</span></span></span></p>\r\n\r\n<p><span style=\"font-size:12pt\"><span style=\"font-family:'Times New Roman'\"><span style=\"color:#000000\">&nbsp;&nbsp;&nbsp; Нижний вариант с картинки является более хорошим в сравнении с тем что приводится сверху - его существенно проще запомнить, и его сложнее подобрать. Но по мнению сообщества людей из сферы информационной безопасности, с этим вариантом тоже не все так радужно (</span></span></span><a href=\"https://security.stackexchange.com/questions/6095/xkcd-936-short-complex-password-or-long-dictionary-passphrase\" style=\"text-decoration:none\"><span style=\"font-size:12pt\"><span style=\"font-family:'Times New Roman'\"><span style=\"color:#1155cc\"><u>ссылка</u></span></span></span></a><span style=\"font-size:12pt\"><span style=\"font-family:'Times New Roman'\"><span style=\"color:#000000\">).&nbsp; По мнению комментаторов с данного ресурса у данного варианта есть две проблемы.</span></span></span></p>\r\n\r\n<p><span style=\"font-size:12pt\"><span style=\"font-family:'Times New Roman'\"><span style=\"color:#000000\">&nbsp;&nbsp;&nbsp; Первая это то, что такого вида пароли будет неудобно набирать. Действительно, например в данном варианте придется вводить 25 символов. А в некоторых вариантах их будет еще больше. Это может доставлять тем, кто будет вводить такой пароль дискомфорт. Ведь одно из правил построения систем безопасности - система должна быть психологически приемлемой. Т.е. принимаемые меры безопасности не должны сильно мешать людям и доставлять им дискомфорт.</span></span></span></p>\r\n\r\n<p><img alt=\"\" class=\"img-content-card\" src=\"/media/ck_editor_files/2021/05/10/is-my-pswd-safe.png\" style=\"height:495px; width:654px\" /></p>\r\n\r\n<p><span style=\"font-size:12pt\"><span style=\"font-family:'Times New Roman'\"><span style=\"color:#000000\">&nbsp;&nbsp;&nbsp; А второй проблемой является то, что данный метод все равно не всегда может давать серьёзные гарантии, что пароль не подберут. Конечно, можно увеличить количество слов из которых будет составлен пароль, и в таком случае сложность подбора пароля возрастет. Но в таком случае мы еще сильнее усугубим первую проблему. В итоге пытаясь решить одну проблему, мы будем усугублять вторую, и в данном случае эта проблема являет собой аксиому Эскобара.</span></span></span></p>\r\n\r\n<p><span style=\"font-size:12pt\"><span style=\"font-family:'Times New Roman'\"><span style=\"color:#000000\">&nbsp;&nbsp;&nbsp; Резюмирую, данный метод вполне неплох, хотя он и не обеспечивает высокую степень защиты. Но не стоит выкидывать его на свалку истории. Чуть позже я расскажу в каких случаях он все же может пригодится.</span></span></span></p>", "topic": 4, "order": 3, "label": "3"}}, {"model": "mainapp.contentcard", "pk": 11, "fields": {"text": "<p><span style=\"font-size:12pt\"><span style=\"font-family:'Times New Roman'\"><span style=\"color:#000000\">&nbsp;&nbsp;&nbsp; А сейчас я предложу вам, по моему мнению, наиболее удачный способ создания&nbsp; пароля, пользуясь которым вам будет несложно вспомнить его. При этом данный пароль будет еще и достаточно сильным, чтобы его было чрезвычайно сложно подобрать.&nbsp; Суть способа заключается в следующем: вы придумываете или выбираете некоторое предложение или несколько предложений, и по некоторому легко запоминаемому правилу берете оттуда символы, которые и будут вашим паролем.</span></span></span></p>\r\n\r\n<p><span style=\"font-size:12pt\"><span style=\"font-family:'Times New Roman'\"><span style=\"color:#000000\">&nbsp;&nbsp;&nbsp; Приведу пример, на котором вам точно станет понятно как это работает. Возьмем некоторый текст. В данном случае стихотворение Блока. В данном примере текст будет на русском, но когда вы будете в реальности использовать метод, то текст должен быть на английском</span></span></span></p>\r\n\r\n<p><span style=\"font-size:12pt\"><span style=\"font-family:'Times New Roman'\"><span style=\"color:#3c3c3c\"><em>&nbsp;&nbsp;&nbsp; Ночь, улица, фонарь, аптека,</em></span></span></span></p>\r\n\r\n<p><span style=\"font-size:12pt\"><span style=\"font-family:'Times New Roman'\"><span style=\"color:#3c3c3c\"><em>&nbsp;&nbsp;&nbsp; Бессмысленный и тусклый свет. </em></span></span></span></p>\r\n\r\n<p><span style=\"font-size:12pt\"><span style=\"font-family:'Times New Roman'\"><span style=\"color:#3c3c3c\"><em>&nbsp;&nbsp;&nbsp; Живи еще хоть четверть века &mdash;</em></span></span></span></p>\r\n\r\n<p><span style=\"font-size:12pt\"><span style=\"font-family:'Times New Roman'\"><span style=\"color:#3c3c3c\"><em>&nbsp;&nbsp;&nbsp; Всё будет так. Исхода нет.</em></span></span></span></p>\r\n\r\n<p><span style=\"font-size:12pt\"><span style=\"font-family:'Times New Roman'\"><span style=\"color:#000000\"><em>&nbsp;</em></span></span></span><span style=\"font-size:12pt\"><span style=\"font-family:'Times New Roman'\"><span style=\"color:#000000\">&nbsp;&nbsp;&nbsp;&nbsp;&nbsp;&nbsp;&nbsp;&nbsp;&nbsp;&nbsp;&nbsp;&nbsp;</span></span></span></p>\r\n\r\n<p><span style=\"font-size:12pt\"><span style=\"font-family:'Times New Roman'\"><span style=\"color:#000000\">&nbsp;&nbsp;&nbsp; Теперь выберем правило по которому мы будем выбирать символы. В данном случае я выберу самый банальный - первые буквы слов и знаки препинания в том порядке в котором они идут в повествовании.&nbsp;</span></span></span></p>\r\n\r\n<p><span style=\"font-size:12pt\"><span style=\"font-family:'Times New Roman'\"><span style=\"color:#000000\">&nbsp;&nbsp;&nbsp; В целом, чтобы набрать достаточное количество символов для примера нам хватит 2 строк, но в при реальном использовании желательно чтобы было немного побольше символов. Итак мы получаем следующий пароль из 13 символов: &ldquo;</span></span></span><span style=\"font-size:12pt\"><span style=\"font-family:'Times New Roman'\"><span style=\"color:#000000\"><strong>Н,у,ф,а,Битс.</strong></span></span></span><span style=\"font-size:12pt\"><span style=\"font-family:'Times New Roman'\"><span style=\"color:#000000\">&rdquo;. Согласитесь, пароль выглядит сложным, а возможность его подбора с использованием словарей, без полного перебора кажется почти невозможной. А запомнить текст из которого мы образовали пароль очень просто. Т.е. это выглядит идеальным методом не имеющим проблем.&nbsp;</span></span></span></p>\r\n\r\n<p><span style=\"font-size:12pt\"><span style=\"font-family:'Times New Roman'\"><span style=\"color:#000000\">&nbsp;&nbsp;&nbsp; Стоит добавить еще несколько комментариев, чтобы вы могли сделать свой пароль, используя этот метод более безопасным.&nbsp; Вам нужно выбрать свое правило выбора символов, я использовал самый банальный, но лучше использовать что-то менее банальное. К примеру вы можете выбирать не первую букву слова, а вторую или третью, или последнюю, или предпоследнюю, а может вообще брать не по одной букве из слова (которые не стоят вместе, иначе ваш пароль будет содержать в себе набор слогов, и это сделает пароль более уязвимым к атаке подбора по словарю), а можете брать буквы не из каждого слова и и.д. Вариантов много. И все множество текстов и множество вариантов выбора &ldquo;правила&rdquo; по которому вы выбираете символы образуют крайне сильную систему генерации пароля.</span></span></span></p>\r\n\r\n<p><span style=\"font-size:12pt\"><span style=\"font-family:'Times New Roman'\"><span style=\"color:#000000\">&nbsp;&nbsp;&nbsp; Дополню также, что предложение которое вы используете не должно быть популярным. Тут все понятно, потому что если вы выберете популярное предложение, то упростится процесс подбора вашего пароля. И еще советую выбирать предложения в которых содержатся числа и прочие знаки препинания кроме запятой, чтобы в вашем пароле дополнительно были эти самые числа и знаки дополнительные знаки. Например, если бы мы взяли еще и третью строку, то к нашему паролю добавилось бы &ldquo;Жех&rdquo; плюс одна из форм записи числа четверть: 0,25; 1/4, 25/100; плюс символ &ldquo;-&rdquo;. Строка такого вида еще существеннее усложнила бы подбор пароля.&nbsp;&nbsp;</span></span></span></p>", "topic": 4, "order": 4, "label": "4"}}, {"model": "mainapp.contentcard", "pk": 12, "fields": {"text": "<p><span style=\"font-size:12pt\"><span style=\"font-family:'Times New Roman'\"><span style=\"color:#000000\">&nbsp;&nbsp;&nbsp; С вопросами связанными с отдельно взятыми паролями мы разобрались. Теперь необходимо разобрать вопросы связанные с практикой использования паролей. Эта тема является крайне дискуссионной, и возможно вы не согласитесь с моим мнением, но это всего лишь мнение. И вы сами можете выбрать следовать ему или нет. В этом случае я ни на чем не настаиваю.&nbsp; </span></span></span></p>\r\n\r\n<p><span style=\"font-size:12pt\"><span style=\"font-family:'Times New Roman'\"><span style=\"color:#000000\"><img alt=\"\" class=\"img-content-card\" src=\"/media/ck_editor_files/2021/05/11/cure.png\" style=\"height:341px; width:656px\" /></span></span></span></p>\r\n\r\n<p><span style=\"font-size:12pt\"><span style=\"font-family:'Times New Roman'\"><span style=\"color:#000000\">&nbsp;&nbsp;&nbsp; Во первых, необходимо разделить сервисы на которых вы используете пароли на группы по степени важности.&nbsp;</span></span></span></p>\r\n\r\n<p><span style=\"font-size:12pt\"><span style=\"font-family:'Times New Roman'\"><span style=\"color:#000000\">&nbsp;&nbsp;&nbsp; Для самых неважных сервисов, от взлома которых ничего плохого не произойдет можно выбрать один просто неплохой пароль и оставить его неизменным на весь срок использования сервиса. Можно также использовать парольные менеджеры, чтобы еще упростить процесс аутентификации.</span></span></span></p>\r\n\r\n<p><span style=\"font-size:12pt\"><span style=\"font-family:'Times New Roman'\"><span style=\"color:#000000\"><img alt=\"\" class=\"img-content-card\" src=\"/media/ck_editor_files/2021/05/11/password-reusing.png\" style=\"height:279px; width:279px\" /></span></span></span></p>\r\n\r\n<p><span style=\"font-size:12pt\"><span style=\"font-family:'Times New Roman'\"><span style=\"color:#000000\">Для важных сервисов, нужно выбрать очень хороший пароль. Причем для каждого из сервисов свой.&nbsp;&nbsp;</span></span></span></p>\r\n\r\n<p><span style=\"font-size:12pt\"><span style=\"font-family:'Times New Roman'\"><span style=\"color:#000000\">&nbsp;&nbsp;&nbsp; Но я понимаю, что у людей сейчас много сервисов. Из них немало могут оказаться важными в той или иной степени, и в итоге вам необходимо помнить большое количество информации. Но по факту, помните ли вы все свои пароли? Обычно человек помнит до 8-10 паролей. И как говорится, пусть кинет в меня первый камень первый кто не такой. И тут остро встают проблемы запоминания паролей. А следствием из них является то, что люди будут переиспользовать один и тот же (или с минимальными изменениями) пароль на большой группе сервисов, причем даже на важных. А это несет в себе большую угрозу безопасности. Сколько уже было историй, что хакеры, подобрав один пароль, по цепочке взломали еще множество сервисов людей или организаций и какими &ldquo;неприятными&rdquo; последствиями это закончилось. И еще одним следствием является то, люди будут записывать где-то свои пароли (причем обычно не в самых защищенных местах), особенно если их сложно запомнить. И это опять же несет в себе потенциальную угрозу. Поэтому необходимо ввести некоторые послабления, чтобы избавится от двух предыдущих следствий.</span></span></span></p>\r\n\r\n<p><span style=\"font-size:12pt\"><span style=\"font-family:'Times New Roman'\"><span style=\"color:#000000\"><img alt=\"\" class=\"img-content-card\" src=\"/media/ck_editor_files/2021/05/11/pass-braking.png\" style=\"height:417px; width:558px\" /></span></span></span></p>\r\n\r\n<p><span style=\"font-size:12pt\"><span style=\"font-family:'Times New Roman'\"><span style=\"color:#000000\">&nbsp;&nbsp;&nbsp; Как я уже говорил для неважных сервисов вы можете использовать один пароль или парольный менеджер. Это значительно упростит вам жизнь, но не стоит считать парольный менеджер панацеей. У него тоже могут быть свои проблемы&nbsp;&nbsp;</span></span></span></p>\r\n\r\n<p><span style=\"font-size:12pt\"><span style=\"font-family:'Times New Roman'\"><span style=\"color:#000000\">&nbsp;&nbsp;&nbsp;&nbsp; Чтобы упростить процесс запоминания важных паролей, вы в принципе, пользуясь предложенным мной методом, можете использовать одно предложение на несколько сервисов (2-3, больше не рекомендую), но использовать разные правила для создания пароля.</span></span></span></p>\r\n\r\n<p><span style=\"font-size:12pt\"><span style=\"font-family:'Times New Roman'\"><span style=\"color:#000000\">&nbsp;&nbsp;&nbsp;&nbsp; Кроме того вы можете использовать системы по типу OpenID, OAuth которые позволяют создать аккаунт и аутентифицироваться на сервисе при помощи другого сервиса(через соцсети или Google аккаунт). Но в таком случае сервис при помощи которого вы аутентифицируетесь должен быть максимально защищен.</span></span></span></p>\r\n\r\n<p><span style=\"font-size:12pt\"><span style=\"font-family:'Times New Roman'\"><span style=\"color:#000000\">&nbsp;&nbsp;&nbsp; Чтобы добиться очень высокого уровня защищенности используйте двухфакторную аутентификацию. Многие сервисы ее имеют, и это даст вам очень серьезный уровень защищенности.&nbsp;</span></span></span></p>\r\n\r\n<p><span style=\"font-size:12pt\"><span style=\"font-family:'Times New Roman'\"><span style=\"color:#000000\">&nbsp;&nbsp;&nbsp; И напоследок про периодичность смены паролей. Это самый неоднозначный вопрос. Одни говорят, что чем чаще вы меняете пароль тем лучше. Например в некоторых политиках безопасности требуют менять пароль каждые 30/60/90 дней. Но я все же склоняюсь к тому, что это плохая идея. Для пользователя будет проблемой придумать пароль. Потом еще запомнить его. А в итоге вскоре это все опять по новой. Это будет раздражать пользователей и забивать им память старыми паролями и вызывать проблемы с запоминанием новых. А этого никому не нужно. Поэтому я склоняюсь к мнению, что пароль нужно менять тогда, когда у вас есть хотя бы малейшее подозрение, что пароль скомпрометирован. И при отсутствии эксцессов менять пароль нужно не очень часто. Если это конечно не противоречит стандартам лицензирования сервиса.&nbsp;&nbsp;&nbsp;</span></span></span></p>\r\n\r\n<p>&nbsp;</p>", "topic": 4, "order": 5, "label": "5"}}, {"model": "mainapp.contentcard", "pk": 13, "fields": {"text": "<p style=\"text-align:justify\"><span style=\"font-size:12pt\"><span style=\"font-family:'Times New Roman'\"><span style=\"color:#000000\">&nbsp;&nbsp;&nbsp; В общем случае социальная инженерия это совокупность методов&nbsp; прикладных социальных наук таких как психология и социология, которые основываясь на знаниях о паттернах человеческого поведения позволяют&nbsp; на него влиять. Т.е. в некотором роде, социальная инженерия позволяет управлять людьми. И такая возможность, в свою очередь, всегда привлекала внимание всякого рода злоумышленников.</span></span></span></p>\r\n\r\n<p style=\"text-align:justify\"><span style=\"font-size:12pt\"><span style=\"font-family:'Times New Roman'\"><span style=\"color:#000000\">&nbsp;&nbsp;&nbsp;&nbsp; Рассмотрим, как это влияет на информационную безопасность. В последние годы наблюдается существенный рост числа инцидентов безопасности связанных с использованием методов социальной инженерии. </span></span></span></p>\r\n\r\n<p style=\"text-align:justify\"><span style=\"font-size:12pt\"><span style=\"font-family:'Times New Roman'\"><span style=\"color:#000000\">&nbsp;&nbsp;&nbsp; Связано это с тем, что с каждым годом растет уровень защищенности программного и технического обеспечения, при этом даже если уязвимости и существуют, то со временем они обнаруживаются ИБ сообществом.&nbsp; Если разработчик уязвимого обеспечения хороший, то обнаруженные уязвимости зачастую оперативно закрываются. Все это делает поиск и использование уязвимостей для злоумышленника чрезвычайно сложным процессом, который требует от него крайне высокий уровень навыков и колоссальных затрат.</span></span></span></p>\r\n\r\n<p style=\"text-align:justify\"><span style=\"font-size:12pt\"><span style=\"font-family:'Times New Roman'\"><span style=\"color:#000000\">&nbsp;&nbsp;&nbsp; В свою очередь неотъемлемой частью многих систем является человек, о котором нельзя сказать, что он обладает столь высоким уровнем защищенности, который еще и постоянно усиливается. Все это делает человека самым уязвимым звеном системы.</span></span></span><span style=\"font-size:12pt\"><span style=\"font-family:'Times New Roman'\"><span style=\"color:#000000\"><strong> Но в данном курсе мы постараемся </strong></span></span></span><span style=\"font-size:12pt\"><span style=\"font-family:'Times New Roman'\"><span style=\"color:#000000\"><strong><u>сделать все, что в моей компетенции чтобы это исправить</u></strong></span></span></span><span style=\"font-size:12pt\"><span style=\"font-family:'Times New Roman'\"><span style=\"color:#000000\"><strong>.&nbsp;</strong></span></span></span></p>\r\n\r\n<p style=\"text-align:justify\"><span style=\"font-size:12pt\"><span style=\"font-family:'Times New Roman'\"><span style=\"color:#000000\">&nbsp;&nbsp;&nbsp; В данной теме мы рассмотрим часть методов социальной инженерии. А некоторые из них будут выделены в отдельные темы и мы рассмотрим их более подробно в последующих темах. Приступим!&nbsp;</span></span></span></p>", "topic": 1, "order": 1, "label": "1"}}, {"model": "mainapp.contentcard", "pk": 14, "fields": {"text": "<p style=\"text-align:center\"><span style=\"font-size:12pt\"><span style=\"font-family:'Times New Roman'\"><span style=\"color:#000000\">&nbsp;&nbsp;&nbsp; </span></span></span><span style=\"font-size:13.999999999999998pt\"><span style=\"font-family:Arial\"><span style=\"color:#434343\"><strong>Претекстинг</strong></span></span></span></p>\r\n\r\n<p><span style=\"font-size:12pt\"><span style=\"font-family:'Times New Roman'\"><span style=\"color:#000000\">&nbsp;&nbsp;&nbsp; Суть данного метода заключается в ведении разговора по заранее подготовленному сценарию, который позволяет злоумышленнику втереться в доверие к жертве, усыпить ее внимание и свести разговор к теме, где может прозвучать интересующая злоумышленника информация, или же убедить выполнить некоторое действие которое приведет к раскрытию информации. Разговор может вестись как путем голосового общения (к примеру по телефону), так и путем ведения переписки.</span></span></span></p>\r\n\r\n<p><span style=\"font-size:12pt\"><span style=\"font-family:'Times New Roman'\"><span style=\"color:#000000\">Для большей наглядности работы этого метода рассмотрим видео пример.</span></span></span></p>\r\n\r\n<p><span style=\"font-size:12pt\"><span style=\"font-family:'Times New Roman'\"><span style=\"color:#000000\"><img alt=\"\" class=\"img-content-card\" src=\"/media/ck_editor_files/2021/05/11/disclaimer.png\" style=\"height:291px; width:486px\" /></span></span></span></p>\r\n\r\n<p><span style=\"font-size:12pt\"><span style=\"font-family:'Times New Roman'\"><span style=\"color:#000000\"><em>&nbsp;&nbsp;&nbsp; Преамбула сюжета данного ролика в следующем</em></span></span></span><span style=\"font-size:12pt\"><span style=\"font-family:'Times New Roman'\"><span style=\"color:#000000\">:&nbsp; </span></span></span><span style=\"font-size:12pt\"><span style=\"font-family:'Times New Roman'\"><span style=\"color:#000000\">Автор ролика (А. Навальный) желает узнать подробности некоего события (предполагаемого покушения на его жизнь).&nbsp; Обычная ситуация)&nbsp;&nbsp;</span></span></span></p>\r\n\r\n<p><span style=\"font-size:12pt\"><span style=\"font-family:'Times New Roman'\"><span style=\"color:#000000\">&nbsp;&nbsp;&nbsp; Подробности того события являются конфиденциальной информацией и не будут выданы при прямом вопросе. Поэтому автор решил прибегнуть к методам социальной инженерии чтобы получить те конфиденциальные подробности.&nbsp;</span></span></span></p>\r\n\r\n<p>&nbsp;</p>\r\n\r\n<p><iframe align=\"middle\" frameborder=\"0\" height=\"315\" scrolling=\"no\" src=\"https://www.youtube.com/embed/HlJbwUhIBxE\" style=\"margin: auto; display: block\" title=\"YouTube video player\" width=\"560\"></iframe></p>\r\n\r\n<p>&nbsp;</p>\r\n\r\n<p><span style=\"font-size:12pt\"><span style=\"font-family:'Times New Roman'\"><span style=\"color:#000000\">&nbsp;&nbsp;&nbsp; Начинается все с того, что инженер изменил номер своего телефона на номер с которого жертве звонят по работе. Это было сделано чтобы жертва просто как минимум приняла вызов, потому что все мы сейчас с большой осторожностью принимаем вызовы с незнакомых номеров (если принимаем вообще).</span></span></span></p>\r\n\r\n<p><img alt=\"\" class=\"img-content-card\" src=\"/media/ck_editor_files/2021/05/11/rcjodk.png\" style=\"height:197px; width:656px\" /></p>\r\n\r\n<p>&nbsp;</p>\r\n\r\n<p><span style=\"font-size:12pt\"><span style=\"font-family:'Times New Roman'\"><span style=\"color:#000000\">Ловушка сработала - жертва приняла вызов.&nbsp; В ходе разговора первое, что необходимо было сделать социальному инженеру - это втереться в доверие жертвы и убедить её, что он является тем, кем он представился. А представился инженер помощником очень &ldquo;высокопоставленного человека&rdquo;, для которого этот помощник собирает информацию для отчетов. Т.е. роль в которой уместны расспросы жертвы о подробностях составляющих конфиденциальную информацию.&nbsp;</span></span></span></p>\r\n\r\n<p><span style=\"font-size:12pt\"><span style=\"font-family:'Times New Roman'\"><span style=\"color:#000000\">&nbsp;Чтобы сразу же убедить жертву, что инженер это тот за кого он себя выдает, он начал разговор с фраз, в которых содержатся недоступные для обычного человека, но доступные человеку данной роли подробности о жертве и его деятельности. В данном случае это имя и отчество жертвы, имена его начальников и подробности событий, о которых известно лишь небольшому кругу доверенных лиц. Помимо этого был использован прием психологического давления (в некотором роде даже запугивания), в котором жертве напрямую или косвенно сообщают о серьезных последствиях невыполнения того о чем просит инженер. А именно, что эта информация необходима для &ldquo;высокопоставленного человека&rdquo; которая будет представлена еще более высокопоставленному человеку, и соответственно не выполнив требования он помешает &ldquo;высокопоставленному человеку&rdquo;, что очевидно может иметь для жертвы серьезные последствия. А под давлением людям сложнее контролировать свои действия.&nbsp;</span></span></span></p>\r\n\r\n<p><span style=\"font-size:12pt\"><span style=\"font-family:'Times New Roman'\"><span style=\"color:#000000\">В начале жертва не очень охотно идет на контакт, поэтому инженер продолжает использовать в своих фразах 2 описанных ранее метода чтобы разговорить жертву: напоминание что это очень важно и нужно сделать все как можно быстрее (запугивание) и упоминание конфиденциальных подробностей событий, которые помогают убедить жертву, что инженер это тот, за кого он себя выдает, и тем самым повысить уровень доверия к себе. И что самое главное, используя&nbsp; известные ему базовые подробности, он управляет диалогом таким образом, чтобы получить неизвестные ему подробности. И чем дольше идет разговор, тем больше снижается концентрация и недоверие жертвы, и тем проще инженеру становится вести разговор и получать необходимые ему сведения. Атака инженера удалась.</span></span></span></p>\r\n\r\n<p><span style=\"font-size:12pt\"><span style=\"font-family:'Times New Roman'\"><span style=\"color:#000000\">&nbsp;&nbsp;&nbsp; Что касается варианта этой атаки при переписке, то тут все еще проще для социального инженера, т.к. в отличие от голосового общения, в данном случае у него есть больше времени для того чтобы обдумать каждую фразу. А принципы общения, методы обмана и давления в основном те же, что и при голосовом общении.&nbsp;&nbsp;&nbsp;</span></span></span></p>\r\n\r\n<p>&nbsp;</p>\r\n\r\n<p><br />\r\n&nbsp;</p>", "topic": 1, "order": 2, "label": "2"}}, {"model": "mainapp.contentcard", "pk": 15, "fields": {"text": "<p><span style=\"font-size:12pt\"><span style=\"font-family:'Times New Roman'\"><span style=\"color:#000000\">&nbsp;&nbsp;&nbsp; Мы рассмотрели типичный сценарий атаки и базовые приемы которые всегда используются при ее осуществлении. Чтобы не растягивать повествование давайте перейдем к рекомендациям, которые помогут вам защититься от данного типа атаки.&nbsp;</span></span></span></p>\r\n\r\n<p><span style=\"font-size:12pt\"><span style=\"font-family:'Times New Roman'\"><span style=\"color:#000000\">&nbsp;&nbsp;&nbsp; Во-первых, номер телефона входящего звонка не является фактором удостоверяющим личность звонящего. К примеру, используя SIP-телефонию можно подменить номер который будет отображаться у того кому будут звонить (для тех кому интересно - метод называется &ldquo;Caller ID spoofing&rdquo;). Т.е. если вам звонят с номера &ldquo;900&rdquo;, то вам не обязательно звонят из &ldquo;Сбербанка&rdquo; (или как они сейчас себя называют - &ldquo;Сбер&rdquo;). Или если вам звонят с одного из корпоративных номеров вашей компании, то это не обязательно значит, что вам звонит кто-то из вашей компании. </span></span></span><span style=\"font-size:12pt\"><span style=\"font-family:'Times New Roman'\"><span style=\"color:#000000\"><strong>При звонке с любого номера необходимо соблюдать внимательность как при звонке&nbsp; с незнакомого</strong></span></span></span><span style=\"font-size:12pt\"><span style=\"font-family:'Times New Roman'\"><span style=\"color:#000000\">.</span></span></span></p>\r\n\r\n<p><span style=\"font-size:12pt\"><span style=\"font-family:'Times New Roman'\"><span style=\"color:#000000\"><img alt=\"\" class=\"img-content-card\" src=\"/media/ck_editor_files/2021/05/11/sberbank-security-service.png\" style=\"height:411px; width:573px\" /></span></span></span></p>\r\n\r\n<p><span style=\"font-size:12pt\"><span style=\"font-family:'Times New Roman'\"><span style=\"color:#000000\">&nbsp;&nbsp;&nbsp; Во-вторых, если неизвестный в процессе общения ведет разговор в стиле того, кем он представился, и в процессе разговора озвучивает некоторую конфиденциальную информацию, которую может знать тот, кем представился незнакомец, то это еще не повод доверять что незнакомец является тем кем он представился.&nbsp;</span></span></span></p>\r\n\r\n<p><span style=\"font-size:12pt\"><span style=\"font-family:'Times New Roman'\"><span style=\"color:#000000\">&nbsp;&nbsp;&nbsp; Чтобы проверить, что незнакомец является тем, за кого себя выдает вы можете задать дополнительные вопросы ответы на которые может знать только тот кем представился незнакомец. Но лучше закончить разговор когда незнакомец начинает просить ответов на вопросы которые раскрывают конфиденциальную или другую важную информацию, или попросить перезвонить чуть позже. А в это время нужно связаться со службой поддержки (если это касается какого-либо сервиса) и узнать существует ли названная незнакомцем проблема, и действительно ли ему звонил кто-то из их организации. Если проблема касается вашей организации, то необходимо связаться с ответственным за область, по поводу которой звонил незнакомец и также как и в прошлом случае узнать есть ли проблема и свой ли человек позвонил. В общем, явно не удостоверившись в том, что незнакомец не является злоумышленником - нельзя раскрывать никакую информацию ограниченного распространения.</span></span></span></p>\r\n\r\n<p><span style=\"font-size:12pt\"><span style=\"font-family:'Times New Roman'\"><span style=\"color:#000000\">&nbsp;&nbsp;&nbsp; В-третьих, если незнакомец начинает напрямую или косвенно на вас давить с посылом, что очень важно выполнить то, что он просит, намекая или открыто говоря о возможных последствиях неисполнения его просьбы, при этом постоянно упоминая что все нужно сделать прямо сейчас, а иначе опять же возможны последствия, то главное что вам необходимо - это не поддаваться панике и сохранить ясность мышления. Не забываем правило из предыдущего пункта, что прежде всего необходимо убедится, что проблема действительно есть, это не займет много времени, но это очень важно. Поэтому объясните незнакомцу, что прежде всего вам необходимо все проверить прежде чем выполнять его просьбу и&nbsp; раскрывать конфиденциальную информацию, и что это займет совсем немного времени. Если незнакомец действительно является тем, за кого себя выдает, то ему нечего боятся. И скорее всего все, что говорил незнакомец удастся подтвердить и вы вернетесь к решению той проблемы. А если незнакомец начинает всячески убеждать вас не делать этого потому что на это совершенно нет времени, потому что это бесполезно или у вас не получится этого сделать ввиду каких-то причин, или что если об этой проблеме кто-то еще узнает, то будут проблемы и так далее, то тем более стоит попытаться все проверить.&nbsp;</span></span></span></p>\r\n\r\n<p><span style=\"font-size:12pt\"><span style=\"font-family:'Times New Roman'\"><span style=\"color:#000000\">&nbsp;&nbsp;&nbsp; В общем, будьте внимательны и не поддавайтесь панике, не ленитесь и не бойтесь все перепроверить. И тогда все будет хорошо.&nbsp;&nbsp;&nbsp;&nbsp;&nbsp;&nbsp;&nbsp;&nbsp;&nbsp;&nbsp;&nbsp;&nbsp;</span></span></span></p>", "topic": 1, "order": 3, "label": "3"}}, {"model": "mainapp.contentcard", "pk": 16, "fields": {"text": "<h3 style=\"text-align:center\"><span style=\"font-size:13.999999999999998pt\"><span style=\"font-family:Arial\"><span style=\"color:#434343\">Плечевой серфинг&nbsp;</span></span></span></h3>\r\n\r\n<p><span style=\"font-size:11pt\"><span style=\"font-family:Arial\"><span style=\"color:#000000\">&nbsp;&nbsp;&nbsp; </span></span></span><span style=\"font-size:12pt\"><span style=\"font-family:'Times New Roman'\"><span style=\"color:#000000\">Как это часто бывает в последние годы, информация о многих новых, беспрецедентных вещах и явлениях приходит к нам из-за границы, в большей степени из англоязычных источников. И в процессе адаптации этой информации для русскоязычной аудитории нередко возникают &ldquo;трудности перевода&rdquo;. Так случилось и в нашем случае, когда термин &ldquo;shoulder surfing&rdquo; перевели как &ldquo;плечевой серфинг&rdquo;. И именно в таком виде этот термин и закрепился. Звучит конечно неплохо, но не несет в себе явного смысла термина. Поэтому давайте разберемся что это такое.</span></span></span></p>\r\n\r\n<p><span style=\"font-size:12pt\"><span style=\"font-family:'Times New Roman'\"><span style=\"color:#000000\">&nbsp;&nbsp;&nbsp; </span></span></span><span style=\"font-size:12pt\"><span style=\"font-family:'Times New Roman'\"><span style=\"color:#000000\">Если по простому, то плечевой сёрфинг это описание метода, когда злоумышленник незаметно подсматривает некоторую секретную информацию, в частности из-за спины или через плечо.&nbsp;</span></span></span></p>\r\n\r\n<p><span style=\"font-size:12pt\"><span style=\"font-family:'Times New Roman'\"><span style=\"color:#000000\"><img alt=\"\" class=\"img-content-card\" src=\"/media/ck_editor_files/2021/05/11/shoulder_surfing.png\" style=\"height:526px; width:596px\" /></span></span></span></p>\r\n\r\n<p><span style=\"font-size:12pt\"><span style=\"font-family:'Times New Roman'\"><span style=\"color:#000000\">&nbsp;&nbsp;&nbsp; Тут вы возможно подумали, что &ldquo;ты втираешь мне какую-то дичь&rdquo;. И по вашему мнению это угроза совсем не актуальна. А ее реализация возможна лишь при невероятном стечении невнимательности и вопиющей халатности по отношению к секретным данным. &nbsp; Но отнюдь это не так, как вам кажется. В сообщении &ldquo;Secure&rsquo;s White Paper on Visual Data Security&rdquo; от 2012 года, которое поднимает проблемы безопасности визуальной информации, говорится о следующих показательных фактах:</span></span></span></p>\r\n\r\n<ul>\r\n\t<li style=\"list-style-type:disc\"><span style=\"font-size:12pt\"><span style=\"font-family:'Times New Roman'\"><span style=\"color:#000000\">85 % опрошенных IT специалистов признались, что когда-либо видели секретную информацию, которую им не было положено видеть;&nbsp;&nbsp;&nbsp;</span></span></span></li>\r\n\t<li style=\"list-style-type:disc\"><span style=\"font-size:12pt\"><span style=\"font-family:'Times New Roman'\"><span style=\"color:#000000\">82 % специалистов признались, что&nbsp; отображаемую на их экране информацию, могли бы увидеть посторонние лица не имеющие права на просмотр данной информации;</span></span></span></li>\r\n\t<li style=\"list-style-type:disc\"><span style=\"font-size:12pt\"><span style=\"font-family:'Times New Roman'\"><span style=\"color:#000000\">82 % специалистов слабо уверены или не уверены вовсе, что кто-либо из сотрудников в их организации&nbsp; будет защищать свой экран от просмотра посторонними лицами.</span></span></span></li>\r\n</ul>\r\n\r\n<p><span style=\"font-size:11pt\"><span style=\"font-family:Arial\"><span style=\"color:#000000\">&nbsp;&nbsp;&nbsp; </span></span></span><span style=\"font-size:12pt\"><span style=\"font-family:Arial\"><span style=\"color:#000000\">Х</span></span></span><span style=\"font-size:12pt\"><span style=\"font-family:'Times New Roman'\"><span style=\"color:#000000\">отя данная информация уже является немного устаревшей, я думаю демонстрируемая здесь тенденция все еще прослеживается - большая часть людей не задумывается о том что конфиденциальную информацию отображаемую на экране или другом носителе тоже необходимо защищать, а утечка этой информации является не такой уж и редкой, потому что зачастую нет ничего сложного в том чтобы оказаться поблизости жертвы и занять такое положение чтобы можно было увидеть его информацию.&nbsp; Надеюсь вы поняли что данная уязвимость является актуальной и следовательно нам необходимо от нее защищаться. Поэтому давайте разберем основные принципы защиты.</span></span></span></p>\r\n\r\n<p><span style=\"font-size:12pt\"><span style=\"font-family:'Times New Roman'\"><span style=\"color:#000000\"><img alt=\"\" class=\"img-content-card\" src=\"/media/ck_editor_files/2021/05/11/surfing.jpg\" style=\"height:700px; width:921px\" /></span></span></span></p>\r\n\r\n<p>&nbsp;</p>\r\n\r\n<p>&nbsp;</p>\r\n\r\n<ol>\r\n\t<li style=\"list-style-type:decimal\"><span style=\"font-size:12pt\"><span style=\"font-family:'Times New Roman'\"><span style=\"color:#000000\">Желательно не работать с конфиденциальной информаций в общественных местах. Но если все таки очень нужно, то сделайте так, чтобы кто-либо не мог незаметно подсмотреть из-за спины. Например сядьте к стене (не к окну). И как можно чаще контролируйте не могут ли окружающие подсмотреть&nbsp; конфиденциальную информацию с которой вы работаете (не находятся ли они в поле обзора экрана).</span></span></span></li>\r\n\t<li style=\"list-style-type:decimal\"><span style=\"font-size:12pt\"><span style=\"font-family:'Times New Roman'\"><span style=\"color:#000000\">Аналогично в момент ввода логина и пароля или другой важной аутентификационной информации -&nbsp; осмотритесь и убедитесь, что никто не сможет увидеть как вы их вводите.&nbsp;&nbsp;</span></span></span></li>\r\n</ol>\r\n\r\n<p>&nbsp;</p>\r\n\r\n<p><span style=\"font-size:11pt\"><span style=\"font-family:Arial\"><span style=\"color:#000000\">&nbsp;&nbsp;&nbsp; </span></span></span><span style=\"font-size:12pt\"><span style=\"font-family:'Times New Roman'\"><span style=\"color:#000000\">Перечисленное выше не является очень сложным и муторными, но при этом имеет очень высокую степень эффективности и лишает злоумышленника простого способа реализации своих целей.</span></span></span></p>\r\n\r\n<p>&nbsp;</p>", "topic": 1, "order": 4, "label": "4"}}, {"model": "mainapp.contentcard", "pk": 17, "fields": {"text": "<h3 style=\"text-align:center\"><span style=\"font-size:13.999999999999998pt\"><span style=\"font-family:Arial\"><span style=\"color:#434343\">Дорожное яблоко</span></span></span></h3>\r\n\r\n<p><span style=\"font-size:11pt\"><span style=\"font-family:Arial\"><span style=\"color:#000000\">&nbsp;&nbsp;&nbsp; </span></span></span><span style=\"font-size:12pt\"><span style=\"font-family:'Times New Roman'\"><span style=\"color:#000000\">На протяжении всей истории человечества любопытство являлось одной из главных движущих сил развития цивилизации и человеческих знаний. Географические открытия, законы, теоремы и научные исследования - все это в некоторой степени является плодами неотъемлемого всем людям любопытства. Только вот иногда любопытство может сыграть с нами злую шутку. Не просто так ведь существует поговорка: &ldquo;любопытной Варваре на базаре нос оторвали&rdquo;. </span></span></span></p>\r\n\r\n<p><span style=\"font-size:12pt\"><span style=\"font-family:'Times New Roman'\"><span style=\"color:#000000\">&nbsp;&nbsp;&nbsp; Метод &ldquo;дорожное яблоко&rdquo; заключается в подбрасывании некоторого съемного физического носителя (флешки, карты памяти и т.д. )&nbsp; в месте общего пользования которое посещают потенциальные жертвы. Если жертвой является конкретный человек, то носитель могут подкинуть прямо на его рабочее место или вблизи него.&nbsp;</span></span></span></p>\r\n\r\n<p><span style=\"font-size:12pt\"><span style=\"font-family:'Times New Roman'\"><span style=\"color:#000000\">&nbsp;Сам носитель для усыпления бдительности может быть стилизован как корпоративный или как флешка того, кого вы знаете.&nbsp; Для разжигания любопытства могут использоваться надписи на носителе или названия файлов на нем, которые говорят о том, что там содержится очень интересная для жертвы информация удержаться от соблазна просмотра которой будет нереально сложно.&nbsp;</span></span></span></p>\r\n\r\n<p><span style=\"font-size:12pt\"><span style=\"font-family:'Times New Roman'\"><span style=\"color:#000000\"><img alt=\"\" class=\"img-content-card\" src=\"/media/ck_editor_files/2021/05/11/road-apple.png\" style=\"height:431px; width:534px\" /></span></span></span></p>\r\n\r\n<p><span style=\"font-size:12pt\"><span style=\"font-family:'Times New Roman'\"><span style=\"color:#000000\">&nbsp;&nbsp;&nbsp; Кратко пробежимся по тому, какие потенциальные опасности могут нести съемные носители (в большей степени флешки, и что касается программных угроз, то пользователей систем семейства Windows ):</span></span></span></p>\r\n\r\n<p><span style=\"font-size:12pt\"><span style=\"font-family:'Times New Roman'\"><span style=\"color:#000000\">&nbsp;&nbsp;&nbsp; Самой банальной из потенциальных опасностей являются исполняемые файлы (файлы с расширением .exe). Думаю все понимают что при запуске исполняемого файла с неизвестного носителя может быть запущена вредоносная программа и следовательно нельзя запускать такие файлы никогда и ни при каких обстоятельствах.</span></span></span></p>\r\n\r\n<p><span style=\"font-size:12pt\"><span style=\"font-family:'Times New Roman'\"><span style=\"color:#000000\">&nbsp;&nbsp;&nbsp; Немного более интересным вариантом является флешка у которой в качестве программы для автозапуска будет установлено вредоносное ПО, или ПО которое поможет проникнуть вредоносной программе на компьютер. Эта угроза не является высоко актуальной для современных операционных систем, которые обычно блокируют выполнение автозапускаемых программ. Но устаревшие операционные системы (например&nbsp; Windows XP, которая до сих пор еще можно нередко встретить) не всегда имеют механизмы защиты от автозапускаемых программ. Поэтому даже просто подключать флешку может быть опасно, особенно к компьютерам с устаревшей операционной системой, которая не получает обновлений безопасности.</span></span></span></p>\r\n\r\n<p><span style=\"font-size:12pt\"><span style=\"font-family:'Times New Roman'\"><span style=\"color:#000000\">&nbsp;&nbsp;&nbsp; Рассмотрим еще один более хитрый вариант атаки с использованием подброшенных съемных носителей. На носителе могут находится файлы безопасного формата, но которые несут в себе информацию, которая может подействовать уже на вас и заставить вас в открытую или косвенно сделать, то, что необходимо злоумышленнику. Информация которую содержит носитель, может&nbsp; раскрывать &ldquo;тайну&rdquo; по типу&nbsp; &ldquo;Если ввести команду rm -rf от имени суперпользователя на главном сервере компании, то вам покажут мультик. Очень интересный кстати.&rdquo; В общем содержать прямое побуждение сделать что либо, или косвенная информация информация которая может подтолкнуть вас к чему-нибудь. В общем не стоит никак использовать информацию и делать что-либо, что вызвано информацией с этой флешки.</span></span></span></p>\r\n\r\n<p><span style=\"font-size:12pt\"><span style=\"font-family:'Times New Roman'\"><span style=\"color:#000000\">&nbsp;&nbsp;&nbsp; Кроме того вредоносная программа может быть замаскирована под не программу (к примеру под папку или что-либо еще и невнимательный пользователь может по ней кликнуть). Но еще есть типы файлов, которые на первый взгляд не являются опасными, но на самом деле могут нести в себе вредоносный код. А о том какие именно вроде бы безобидные типы файлов могут вызывать выполнение вредоносного кода вы узнаете в теме (предположительно спам) </span></span></span></p>\r\n\r\n<p><span style=\"font-size:12pt\"><span style=\"font-family:'Times New Roman'\"><span style=\"color:#000000\"><img alt=\"\" class=\"img-content-card\" src=\"/media/ck_editor_files/2021/05/11/to-be-continued-jojo.png\" style=\"height:244px; width:354px\" /></span></span></span></p>\r\n\r\n<p>&nbsp;</p>", "topic": 1, "order": 5, "label": "5"}}, {"model": "mainapp.contentcard", "pk": 18, "fields": {"text": "<p><span style=\"font-size:12pt\"><span style=\"font-family:'Times New Roman'\"><span style=\"color:#000000\">&nbsp;&nbsp;&nbsp; Возможно после трех предыдущих пунктов вы все еще не очень впечатлились (напугались) потенциальными опасностями неизвестных флешек. И считаете что вы в полной безопасности т.к. у ваша операционная система является актуальной и получает обновления безопасности, у вас есть антивирус, и вы им проверите флешку перед тем как ее открывать. Вы опытный пользователь и не будете запускать исполняемые файлы, будете внимательно смотреть чтобы не запустить замаскированный файл, а также знаете какие еще типы файлов являются потенциально опасными, и не будете открывать их или сделаете это безопасным образом. Даже возможно что вы являетесь продвинутым пользователем, и вас есть виртуальная машина на которой вы и будете просматривать содержимое флешки. Но есть еще кое что, от чего вас не спасет даже это.</span></span></span></p>\r\n\r\n<p><span style=\"font-size:12pt\"><span style=\"font-family:'Times New Roman'\"><span style=\"color:#000000\"><strong>ВЫПУСКАЙТЕ КРАКЕНА</strong></span></span></span></p>\r\n\r\n<p><span style=\"font-size:12pt\"><span style=\"font-family:'Times New Roman'\"><span style=\"color:#000000\">Существует тип атак под названием BadUSB. Его суть заключается в имитации поведения другого USB устройства. Чаще всего клавиатуры. То есть это устройство в виде флешки, может сэмитировать нажатия клавиш клавиатуры и тем самым выполнить любые действия которые не запрещены вам правами доступа. Это равносильно получению полного доступа</span></span></span><span style=\"font-size:11pt\"><span style=\"font-family:Arial\"><span style=\"color:#000000\"> к вашей учетной записи в операционной системе.</span></span></span><span style=\"font-size:12pt\"><span style=\"font-family:'Times New Roman'\"><span style=\"color:#000000\"> Получение полного доступа от вашего имени злоумышленником из-за вставленной флешки - это звучит достаточно пугающе. Но это еще не все). Потому что, по факту, не существует никаких методов защиты от данной угрозы кроме запрета на работу с USB устройствами. Что в текущих реалиях, когда множество необходимых устройств работает через USB,&nbsp; сложно осуществить. Куда проще будет объяснить людям, что нельзя втыкать (или давать это делать кому-либо другому) неизвестные флешки в рабочие устройства, и любые другие, безопасность которых вам важна. Думаю вы поняли к чему я клоню)</span></span></span></p>\r\n\r\n<p><span style=\"font-size:12pt\"><span style=\"font-family:'Times New Roman'\"><span style=\"color:#000000\">И напоследок расскажу вам, что существуют такие флешки, которые просто при подключении способны сжечь материнскую плату устройства. Они называются USB киллерами. Принцип их работы заключается в следующем: при подключении данного устройства начинается зарядка конденсаторов на данном устройстве, затем при достижении определенного заряда оно начинает подавать на сигнальные линии USB интерфейса подается достаточно высокое напряжение которое сжигает всё (всё на что хватит напряжения) к чему подключены эти линии, т.е. материнскую плату. А с сильно поврежденной материнской платой ваш компьютер работать не будет. А какие это может иметь последствия, вы все прекрасно понимаете.&nbsp;&nbsp;</span></span></span></p>\r\n\r\n<p><span style=\"font-size:12pt\"><span style=\"font-family:'Times New Roman'\"><span style=\"color:#000000\">&ldquo;Переварите&rdquo; пока немного данную информацию и поймите как теперь с этим жить. Шутка конечно. А теперь перейдем к выводам и рекомендациям, хотя я думаю вы и так догадываетесь о чем там будет говориться.</span></span></span></p>\r\n\r\n<p><span style=\"font-size:12pt\"><span style=\"font-family:'Times New Roman'\"><span style=\"color:#000000\"><img alt=\"\" class=\"img-content-card\" src=\"/media/ck_editor_files/2021/05/11/shock-info.png\" style=\"height:277px; width:656px\" />&nbsp; </span></span></span></p>\r\n\r\n<p>&nbsp;</p>", "topic": 1, "order": 6, "label": "6"}}, {"model": "mainapp.contentcard", "pk": 19, "fields": {"text": "<p><span style=\"font-size:12pt\"><span style=\"font-family:'Times New Roman'\"><span style=\"color:#000000\">&nbsp;&nbsp;&nbsp; А теперь разберем что делать если вы нашли некоторый физический носитель информации. Самое главное что вам НЕЛЬЗЯ делать в данном случае это подключать этот носитель к рабочим устройствам вашей организации. ТОЧКА! Без исключений.&nbsp;</span></span></span></p>\r\n\r\n<p><span style=\"font-size:12pt\"><span style=\"font-family:'Times New Roman'\"><span style=\"color:#000000\">&nbsp;&nbsp;&nbsp; Что касается подключения к личным устройствам, находящимся вне работы, то в принципе вы можете это сделать, но на свой страх и риск.</span></span></span></p>\r\n\r\n<p><span style=\"font-size:12pt\"><span style=\"font-family:'Times New Roman'\"><span style=\"color:#000000\">&nbsp;&nbsp;&nbsp; Но если все таки прямо очень хочется узнать что это за физический носитель (флешка), то есть безопасный вариант сделать это. Если у вас достаточно большая организация, то у нее может быть отдел информационной безопасности. Сходите к ним и спросите есть ли у них специальный изолированный от сети компьютер, на котором проводят испытания безопасности чего-либо. И если есть, то на нем и проверьте. По аналогии, у вас самих (или кого-то из ваших знакомых) может быть устройство, которое если что не так жалко, и можно проверить на нем.&nbsp;&nbsp;&nbsp;&nbsp;</span></span></span></p>", "topic": 1, "order": 7, "label": "7"}}, {"model": "mainapp.contentcard", "pk": 20, "fields": {"text": "<h3 style=\"text-align:center\"><span style=\"font-size:13.999999999999998pt\"><span style=\"font-family:Arial\"><span style=\"color:#434343\">Quid pro quo/обратная социальная инженерия</span></span></span></h3>\r\n\r\n<p><span style=\"font-size:11pt\"><span style=\"font-family:Arial\"><span style=\"color:#000000\">&nbsp;&nbsp;&nbsp; </span></span></span><span style=\"font-size:12pt\"><span style=\"font-family:'Times New Roman'\"><span style=\"color:#000000\">Quid pro quo переводится с латинского языка как &ldquo;то за это&rdquo;. Суть данной атаки заключается в убеждении злоумышленником жертвы, что у нее есть какая-то проблема (которой скорее всего даже нет, или она была была вызвана самим злоумышленником) и он может эту проблему решить. Надо только выполнить все, что он говорит, или дать ему доступ к проблемной области, чтобы он мог сам решить эту проблему.&nbsp;&nbsp;</span></span></span></p>\r\n\r\n<p>&nbsp;</p>\r\n\r\n<p><span style=\"font-size:12pt\"><span style=\"font-family:'Times New Roman'\"><span style=\"color:#000000\">&nbsp;&nbsp;&nbsp; Вариацией на данную тему является атака под названием &ldquo;обратная социальная инженерия&rdquo;, когда жертва сама обращается к злоумышленнику или злоумышленник создает условия чтобы обратились именно к нему, к примеру оставляя где-то поблизости цели атаки свою контактную информацию с комментарием, что он решает технические или другого рода проблемы, которые могут случится сами собой или быть саботированы&nbsp; самим злоумышленником. При этом&nbsp; жертва либо сама готова сделать все, что скажет злоумышленник чтобы решить проблему, либо опять же дать злоумышленнику доступ чтобы он сам ее решил.</span></span></span></p>\r\n\r\n<p><span style=\"font-size:12pt\"><span style=\"font-family:'Times New Roman'\"><span style=\"color:#000000\">&nbsp;&nbsp;&nbsp; Почему же жертвы позволяют злоумышленнику провернуть все это? Во-первых, когда у вас есть какая-то проблема, то у вас возникает острая потребность ее решить,&nbsp; при этом осторожности могут отходить на второй план под гнетом данной проблемы. Во-вторых, злоумышленник может воспользоваться психологическими приемами, некоторые из которых были описаны в пункте &ldquo;претекстинг&rdquo;. К примеру, если злоумышленник сможет убедить нас, что является специалистом вашей организации, или просто специалистом которому можно доверять , то мы с большей вероятностью позволим ему выполнить &ldquo;его работу&rdquo;. Суть вы думаю поняли, поэтому перейдем к рекомендациям по защите от данной угрозы.</span></span></span></p>\r\n\r\n<p><span style=\"font-size:12pt\"><span style=\"font-family:'Times New Roman'\"><span style=\"color:#000000\">&nbsp;&nbsp;&nbsp; Как и в любом деле, здесь главное быть внимательным. Не устану это повторять, потому что в таком случае вы с большей вероятностью это запомните.&nbsp;&nbsp;</span></span></span></p>\r\n\r\n<p><span style=\"font-size:12pt\"><span style=\"font-family:'Times New Roman'\"><span style=\"color:#000000\">&nbsp;&nbsp;&nbsp; Если вас просят что-то сделать в связи с какой-то проблемой, то всегда думайте о возможных последствиях выполнения этих действий. Если вы не уверены, что это не нанесет вреда, или не знаете какие это может иметь последствия, то не делайте этого. Обратитесь к кому-то более компетентному в области той проблемы из тех кому кому вы доверяете и узнайте о возможных последствиях выполнения того, о чем вас попросили.&nbsp;</span></span></span></p>\r\n\r\n<p><span style=\"font-size:12pt\"><span style=\"font-family:'Times New Roman'\"><span style=\"color:#000000\">&nbsp;&nbsp;&nbsp; Если кто-то неизвестный или малоизвестный сообщает о том, что есть некоторая проблема, то сначала убедитесь что эта проблема действительно есть, затем узнайте что это за человек, и тот ли он за кого себя выдает. Если что-то из этого не подтвердилось, то проигнорируйте данное обращение.&nbsp; Если же вы выяснили, что все соответствует действительности и затем этот человек попросил вас выполнить некоторые действия, то не забывайте о предыдущем параграфе. А если этот человек (или даже ваш знакомый) попросил непосредственный доступ к зоне вашей ответственности (к примеру к вашему рабочему компьютеру) для решения проблемы, то подумайте действительно ли ему нужен этот доступ. Если да, то следите за всем тем, что делает другой человек, и указывайте ему если он делает что-то подозрительное на ваш взгляд.&nbsp;</span></span></span></p>\r\n\r\n<p><span style=\"font-size:12pt\"><span style=\"font-family:'Times New Roman'\"><span style=\"color:#000000\">&nbsp;&nbsp;&nbsp; Возможно описание вариантов действий было немного затянуто. На этот случай резюмирую: когда вас просят что-то сделать всегда думайте что вы делаете, следите кому вы даете доступ к тому, за что вы несете ответственность и следите за тем что он там делает. </span></span></span></p>", "topic": 1, "order": 8, "label": "8"}}, {"model": "mainapp.contentcard", "pk": 21, "fields": {"text": "<p><span style=\"font-size:12pt\"><span style=\"font-family:'Times New Roman'\"><span style=\"color:#000000\">&nbsp;&nbsp;&nbsp; Фишинг это один из самых распространенных, если вообще не самый распространенный метод атаки. Данные разнятся, но по примерным данным в месяц создается по 1.5 миллиона фишинговых сайтов. Средний ущерб от фишинга по всему миру всего за одну минуту равен 15 тысячам долларов. А если перевести эту сумму в рубли, то становится совсем страшно. Хотя, сейчас от перевода в рубли любой суммы в долларах становится страшно).&nbsp; В 90+ процентах случаев,&nbsp; кибер атаки совершенные на бизнес начинались с фишинга. И 70+ процентов организаций сообщали, что подвергались фишинговой атаке в 2018 году. Согласитесь, выглядит устрашающе. Поэтому вам обязательно нужно научится распознавать фишинговые атаки. И я вам в этом помогу.&nbsp;&nbsp;</span></span></span></p>\r\n\r\n<p><span style=\"font-size:12pt\"><span style=\"font-family:'Times New Roman'\"><span style=\"color:#000000\">&nbsp;&nbsp;&nbsp; Фишинг - это метод социальной инженерии направленный в основном&nbsp; на кражу логинов и паролей или другой аутентификационной информации(например данные&nbsp; банковской карты), путем перенаправления жертвы на поддельный сайт некоторого сервиса, который внешне ничем не отличается от настоящего сайта. На этом сайте необходимо будет ввести логин и пароль (или другую аутентификационную информацию), и если жертва сделает это, то злоумышленник получит этот логин и пароль. Это было краткое описание, а теперь перейдем к более детальному описанию того как проходит эта атака и как ее определить.</span></span></span></p>\r\n\r\n<p><span style=\"font-size:12pt\"><span style=\"font-family:'Times New Roman'\"><span style=\"color:#000000\"><img alt=\"\" class=\"img-content-card\" src=\"/media/ck_editor_files/2021/05/11/meme.png\" style=\"height:419px; width:421px\" /></span></span></span></p>\r\n\r\n<p><span style=\"font-size:12pt\"><span style=\"font-family:'Times New Roman'\"><span style=\"color:#000000\">&nbsp;</span></span></span></p>\r\n\r\n<p>&nbsp;</p>", "topic": 2, "order": 1, "label": "1"}}, {"model": "mainapp.contentcard", "pk": 22, "fields": {"text": "<p><span style=\"font-size:12pt\"><span style=\"font-family:'Times New Roman'\"><span style=\"color:#000000\">&nbsp;&nbsp;&nbsp; Начинается все чаще всего с сообщения по электронной почте, но иногда это может быть и сообщение в социальной сети или мессенджере. А в последнее время нередко можно столкнуться и с фишинговой рекламой, но всему свое время. Все это будет разобрано.&nbsp;</span></span></span></p>\r\n\r\n<p><span style=\"font-size:12pt\"><span style=\"font-family:'Times New Roman'\"><span style=\"color:#000000\">&nbsp;&nbsp;&nbsp; Типовое фишинговое сообщение содержит в себе 2 обязательных части.&nbsp;&nbsp;</span></span></span></p>\r\n\r\n<p><span style=\"font-size:12pt\"><span style=\"font-family:'Times New Roman'\"><span style=\"color:#000000\">1.</span></span></span><span style=\"font-size:12pt\"><span style=\"font-family:'Times New Roman'\"><span style=\"color:#000000\"><strong> Некоторая побуждающая информация</strong></span></span></span><span style=\"font-size:12pt\"><span style=\"font-family:'Times New Roman'\"><span style=\"color:#000000\">. Обычно там говорится что что у вас есть некоторая проблема и ее нужно как можно скорее решить. В некоторых случаях еще и упоминается о возможных последствиях игнорирования этого сообщения. Это может сбивать с толку и помешать рациональному мышлению. Но иногда побуждение может быть и другого рода. К примеру вас могут побудить потенциальной выгодой или какими-нибудь более благородными мотивами. Более конкретно мы разберем это на конкретных примерах.</span></span></span></p>\r\n\r\n<p><span style=\"font-size:12pt\"><span style=\"font-family:'Times New Roman'\"><span style=\"color:#000000\">2. </span></span></span><span style=\"font-size:12pt\"><span style=\"font-family:'Times New Roman'\"><span style=\"color:#000000\"><strong>Ссылка.</strong></span></span></span><span style=\"font-size:12pt\"><span style=\"font-family:'Times New Roman'\"><span style=\"color:#000000\">&nbsp; В сообщении будет говорится, что на нее нужно перейти чтобы решить побудившую вас проблему. Причем эта ссылка может быть замаскирована под ссылку на реальный ресурс.</span></span></span></p>\r\n\r\n<p><span style=\"font-size:12pt\"><span style=\"font-family:'Times New Roman'\"><span style=\"color:#000000\">&nbsp;&nbsp;&nbsp; А теперь рассмотрим ряд примеров как могут выглядеть фишинговые сообщения. А также я объясню вам как их выявить.</span></span></span></p>\r\n\r\n<p><span style=\"font-size:12pt\"><span style=\"font-family:'Times New Roman'\"><span style=\"color:#000000\">&nbsp;&nbsp;&nbsp; Начнем с самого банального и распространенного примера -&nbsp; сообщения электронной почты. По сложившейся традиции будет продемонстрирован пример фишинговой атаки на пользователей сайта vk.com. А если быть точнее, то массовой рассылки сообщений электронной почты в надежде, что кто-то попадется на него.</span></span></span></p>\r\n\r\n<p><span style=\"font-size:12pt\"><span style=\"font-family:'Times New Roman'\"><span style=\"color:#000000\">&nbsp;&nbsp;&nbsp; Сначала внимательно рассмотрите само письмо, не обращая внимания на выделенные элементы и найдите что-нибудь подозрительное.&nbsp;</span></span></span></p>\r\n\r\n<p><img alt=\"\" class=\"img-content-card\" src=\"/media/ck_editor_files/2021/05/11/phishing-example_wWW2x0R.png\" style=\"height:682px; width:894px\" /></p>\r\n\r\n<p><span style=\"font-size:12pt\"><span style=\"font-family:'Times New Roman'\"><span style=\"color:#000000\">А теперь давайте разберем все по полочкам, чтобы вы абсолютно точно поняли как определить фишинговое письмо массовой рассылки (которое чаще всего и встречается).</span></span></span></p>\r\n\r\n<ol>\r\n\t<li style=\"list-style-type:decimal\"><span style=\"font-size:12pt\"><span style=\"font-family:'Times New Roman'\"><span style=\"color:#000000\">Кричащий, пугающий и ввергающий в панику заголовок, на который сложно не обратить внимания. Что ни слово - то скример. Критическая - что-то очень важное и срочное. Утечка - нет ничего хорошего, что называется утечка. Идентификаторов - не так часто встречающееся слово для обычных людей. Сессия - слово, которое отзывается в памяти вьетнамскими флешбеками, которое поделило твою жизнь на до и после. Слово которое&hellip; Это шутка, но все равно, этот технический термин может быть не совсем понятен технически не подкованным людям. В общем, в заголовке будет содержаться информация мимо которой сложно пройти, и которая может даже ввести в небольшое замешательство или вызвать волнение, что не на пользу вашему рациональному мышлению.&nbsp; Помеха вашему рациональному мышлению - это помощь для злоумышленника. </span></span></span><span style=\"font-size:12pt\"><span style=\"font-family:'Times New Roman'\"><span style=\"color:#000000\"><strong>Никогда не теряйте рациональность мышления, внимательность и осторожность.</strong></span></span></span></li>\r\n\t<li style=\"list-style-type:decimal\"><span style=\"font-size:12pt\"><span style=\"font-family:'Times New Roman'\"><span style=\"color:#000000\">Подозрительный адрес отправителя. На первый взгляд адрес отправителя содержит правдоподобные части - там упоминается название сайта, название службы сайта, но все равно как-то странно выглядит этот адрес. Повод задуматься.</span></span></span></li>\r\n\t<li style=\"list-style-type:decimal\"><span style=\"font-size:12pt\"><span style=\"font-family:'Times New Roman'\"><span style=\"color:#000000\">Когда проводится массовая рассылка, то чаще всего обращение будет обезличенным. А в настоящем сообщении, обычно будет содержатся&nbsp; обращение к пользователю.</span></span></span></li>\r\n\t<li style=\"list-style-type:decimal\"><span style=\"font-size:12pt\"><span style=\"font-family:'Times New Roman'\"><span style=\"color:#000000\">&nbsp;В самом тексте письма будут содержаться подробности которые будут давить на вас, вынуждать&nbsp; перейти по некоторой ссылке и ввести свой логин и пароль, чтобы избежать серьезных последствий. В данном случае вас пытаются убедить, что злоумышленник может успеть получить доступ к вашему аккаунту, чего никто не хочет. В общем стандартное во всех методах социальной инженерии запугивание возможными последствиями неисполнения требования, и для большей эффективности давление срочностью. А под давлением и стрессом человеку сложнее мыслить. Кроме того текст может быть совершенно безграмотным с технической точки зрения, в надежде, что жертва все равно мало чего поймет в технических тонкостях того, что описывается (как в данном случае). И даже возможно наличие разного рода языковых ошибок. Которые возможно есть и здесь).</span></span></span></li>\r\n\t<li style=\"list-style-type:decimal\"><span style=\"font-size:12pt\"><span style=\"font-family:'Times New Roman'\"><span style=\"color:#000000\">В сообщении будет содержаться сама ссылка. Которая даже вроде и выглядит вполне правдоподобно. Но здесь как в анекдоте - есть один нюанс.</span></span></span></li>\r\n\t<li style=\"list-style-type:decimal\"><span style=\"font-size:12pt\"><span style=\"font-family:'Times New Roman'\"><span style=\"color:#000000\">Под цифрой &ldquo;6&rdquo; обозначен адрес ссылки на которую наведен курсор мыши. Адрес подозрительный&hellip; Не думаю, что стоит по нему переходить, потому что он вряд ли принадлежит vk.com (точно не принадлежит). Более того, это доменное имя, которое по невнимательности вполне можно принять за настоящее, можно купить за небольшие деньги.&nbsp;</span></span></span><img alt=\"\" class=\"img-content-card\" src=\"/media/ck_editor_files/2021/05/11/ktxaxb.png\" style=\"height:873px; width:989px\" /></li>\r\n</ol>\r\n\r\n<p style=\"list-style-type:decimal\">&nbsp;</p>\r\n\r\n<p style=\"list-style-type:decimal\">&nbsp;</p>\r\n\r\n<p style=\"list-style-type:decimal\">&nbsp;</p>\r\n\r\n<p>&nbsp;</p>", "topic": 2, "order": 2, "label": "2"}}, {"model": "mainapp.contentcard", "pk": 23, "fields": {"text": "<p><span style=\"font-size:12pt\"><span style=\"font-family:'Times New Roman'\"><span style=\"color:#000000\">&nbsp;&nbsp;&nbsp; Это был самый распространенный вариант. Но не исключен вариант, что кого-то из тех, кому вы доверяете, или тот с кем вы работали был взломан. Даже на письма со знакомых адресов стоит реагировать с осторожностью. Сколько уже было случаев, когда был взломан некоторый контрагент, и по всему списков его контактов были разосланы&nbsp; фишинговые письма. Содержание этих писем могло быть разным: могли попросить перейти по&nbsp; какой-то ссылке чтобы что-то посмотреть или решить какую-то проблему (вспоминаем&nbsp; quid pro quo).&nbsp; Или попросить отправить какой-то документ содержащий конфиденциальную информацию. Опять таки вспоминаем правило о котором я говорил в каждом пункте по темам связанным с социальной инженерией -&nbsp; прежде чем что-то делать убедитесь, что тот от кого вы получаете просьбу и тот&nbsp; кому вы передаете вашу конфиденциальную информацию (это может быть отправитель письма или ресурс на котором надо будет вводить вашу конфиденциальную информацию ) это те, за кого они себя выдают.</span></span></span></p>\r\n\r\n<p><span style=\"font-size:12pt\"><span style=\"font-family:'Times New Roman'\"><span style=\"color:#000000\">&nbsp;&nbsp;&nbsp; Кратко пробежимся по чуть менее распространенным вариантам фишинговых сообщений.&nbsp;</span></span></span></p>\r\n\r\n<p><span style=\"font-size:12pt\"><span style=\"font-family:'Times New Roman'\"><span style=\"color:#000000\">&nbsp;&nbsp;&nbsp; Одним из нередких вариантов является случай, когда фишинговые сообщения начинают рассылать со взломанного аккаунта в социальной сети или мессенджере. Для привлечения внимания и вынуждения выполнения требуемого перехода по ссылке&nbsp; там используют не запугивающую побуждающую информацию, а информацию которая задействует чувство благородности или любопытства. К примеру вас могут попросить пройти какой-то опрос или посмотреть нечто интересное на другом ресурсе. Аналогичная просьба может прозвучать в каком-то публичном интернет пространстве в групповом чате или в каком то посте, или в комментариях, но суть одна вас просят куда-то перейти и это может оказаться фишингом.</span></span></span></p>\r\n\r\n<p><span style=\"font-size:12pt\"><span style=\"font-family:'Times New Roman'\"><span style=\"color:#000000\">&nbsp;&nbsp;&nbsp; А последнее время все чаще приходится сталкиваться еще и с фишинговой рекламой. Причем даже на популярных сайтах, которые сами модерируют свою рекламу. К примеру на самом популярном видеохостинге YouTube все чаще стала появляться фишинговая реклама. Вот например малая часть того, что мне попалось всего за несколько дней.</span></span></span></p>\r\n\r\n<p><span style=\"font-size:12pt\"><span style=\"font-family:'Times New Roman'\"><span style=\"color:#000000\"><img alt=\"\" class=\"img-content-card\" src=\"/media/ck_editor_files/2021/05/11/phish_adv.png\" style=\"height:554px; width:507px\" /></span></span></span></p>\r\n\r\n<p><span style=\"font-size:12pt\"><span style=\"font-family:'Times New Roman'\"><span style=\"color:#000000\">Выглядит очень криво комично и несуразно, особенно грамматические ошибки на 2 и 3 картинках. А сами видео выглядят еще более ущербно: видео идет в 360p, комментарии скрыты, какой-то молодой человек с плохой дикцией в плохой микрофон&nbsp; комментирует действия которые необходимо выполнить для &ldquo;получения денег&rdquo;. На фоне играет простенькая мелодия. В ходе видео диктор сначала заходит на плохо сделанный сайт, где просят ввести номер вашей карты и номер телефона. После их ввода начинается поиск &ldquo;выплат которые вам перечислят&rdquo;. В конце этого процесса предложено будет вывести деньги, но &ldquo;вдруг&rdquo; выяснится, что для получения этих денег необходимо будет оплатить &ldquo;пошлину&rdquo;. Диктор начинает успокаивать, что такое &ldquo;иногда случается&rdquo;. И затем он переходит на криво сделанный неизвестный сайт для оплаты этой самой пошлины где в итоге необходимо будет ввести все данные вашей карты и код из смс. В общем все как в старой шутке про большое наследство:&nbsp; &nbsp; &nbsp; </span></span></span></p>\r\n\r\n<p><img alt=\"\" class=\"img-content-card\" src=\"/media/ck_editor_files/2021/05/11/weqkfw.jpg\" style=\"height:258px; width:350px\" /></p>\r\n\r\n<p><span style=\"font-size:12pt\"><span style=\"font-family:'Times New Roman'\"><span style=\"color:#000000\">&nbsp;&nbsp;&nbsp; Эти примеры содержали все признаки мошенничества с использованием фишинговой атаки, причем в гротескно&nbsp; гиперболизированной форме. Но я привел их не для того, чтобы мы просто посмеялись. Это была немного затянувшаяся подводка к теме защиты данных ваших банковских карт от фишинга. В данном случае мы не будем комплексно поднимать тему безопасности онлайн операций, т.к. это сама по себе отдельная большая тема. Мы рассмотрим как использовать знания, полученные в рамках этой темы при онлайн оплате.</span></span></span></p>\r\n\r\n<p><span style=\"font-size:12pt\"><span style=\"font-family:'Times New Roman'\"><span style=\"color:#000000\">&nbsp;&nbsp;&nbsp; Самое главное что вам необходимо сделать - это проверить сайт на котором вы планируете произвести онлайн оплату. Если этот сайт известный, то вам достаточно проверить адрес сайта (о чем еще раз будет сказано далее). Если адрес действительно принадлежит большому сервису и вас с ним установлено защищенное соединение (адрес начинается с&nbsp; https, и рядом расположен замочек), то вводить там данные вашей карты безопасно.</span></span></span></p>\r\n\r\n<p><span style=\"font-size:12pt\"><span style=\"font-family:'Times New Roman'\"><span style=\"color:#000000\"><img alt=\"\" class=\"img-content-card\" src=\"/media/ck_editor_files/2021/05/11/https.png\" style=\"height:191px; width:602px\" /></span></span></span></p>\r\n\r\n<p><span style=\"font-size:12pt\"><span style=\"font-family:'Times New Roman'\"><span style=\"color:#000000\">&nbsp;&nbsp;&nbsp; Если сайт не является очень известным онлайн агрегатором, то процесс проверки должен быть более комплексным. Вам необходимо будет удостовериться что сайт это настоящий сайт реальной организации. Почитайте отзывы об этой организации. Если все хорошо, то переходим к шагу оплаты.&nbsp; При оплате на данном сайте скорее всего будет использоваться какой-то сторонний платежный сервис. Также узнайте отзывы про этот платежный сервис, и его адрес. Сравните адрес официальный адрес ресурса и тот на котором вам предложена оплата, если они совпадают то все хорошо.&nbsp;&nbsp;&nbsp;&nbsp;&nbsp;&nbsp;&nbsp;&nbsp;&nbsp;&nbsp;&nbsp;</span></span></span></p>\r\n\r\n<p><span style=\"font-size:12pt\"><span style=\"font-family:'Times New Roman'\"><span style=\"color:#000000\"><img alt=\"\" class=\"img-content-card\" src=\"/media/ck_editor_files/2021/05/11/phishing-advertisement.png\" /></span></span></span></p>", "topic": 2, "order": 3, "label": "3"}}, {"model": "mainapp.contentcard", "pk": 24, "fields": {"text": "<p><span style=\"font-size:12pt\"><span style=\"font-family:'Times New Roman'\"><span style=\"color:#000000\">&nbsp;&nbsp;&nbsp; Ранее мы рассмотрели как могут выглядеть фишинговые сообщения и как их определить. И там я упомянул о том, что необходимо проверять тех от кого вы получаете сообщение и того кому/чему вы передаете свою конфиденциальную информацию. Но по ряду причин не всегда может быть уместно проверять отправителя, особенно когда речь не идет о чем-то критическом. Если на каждое сообщение будете устраивать проверки, то вас могут посчитать параноиком и это может негативно отразится на ваших социальных связях. И в данном случае намного более простым и удобным для всех будет научится проверять того, кому/чему вы передаете информацию (конкретно в нашей теме - интернет сайту).</span></span></span></p>\r\n\r\n<p><span style=\"font-size:12pt\"><span style=\"font-family:'Times New Roman'\"><span style=\"color:#000000\">&nbsp;&nbsp;&nbsp;Итак, снова вспоминаем маркеры фишингового письма о которых я говорил ранее. Допустим, что отправитель является достоверным и все текстовые поля сообщений тоже не содержат в себе ничего подозрительного. Остается только проверить ссылку. Проверим на практике то, как вы поняли информацию в пункте №6, в котором говорится о ссылках.</span></span></span></p>\r\n\r\n<p><span style=\"font-size:12pt\"><span style=\"font-family:'Times New Roman'\"><span style=\"color:#000000\">&nbsp;&nbsp;&nbsp; Вот 2 ссылки на сайт соц сети ВКонтакте (VK). Посмотрите какая из них ведет на настоящий сайт, а какая на фишинговый, не переходя по ссылке.&nbsp;</span></span></span></p>\r\n\r\n<p><a href=\"https://vk.com\" target=\"_blank\">Ссылка 1</a></p>\r\n\r\n<p><a href=\"/vk/\">Ссылка 2</a></p>\r\n\r\n<p><span style=\"font-size:12pt\"><span style=\"font-family:'Times New Roman'\"><span style=\"color:#000000\">&nbsp;&nbsp;&nbsp; Затем перейдите по обеим ссылкам и сравните страницы.</span></span></span></p>\r\n\r\n<p><span style=\"font-size:12pt\"><span style=\"font-family:'Times New Roman'\"><span style=\"color:#000000\">&nbsp;&nbsp;&nbsp; Как вы возможно поняли, фишинговый сайт находился на второй ссылке. И как вы могли заметить, он почти ничем, кроме адреса, не отличался от оригинального сайта. То есть самым главным маркером фишинга является адрес ресурса на который осуществляется переход. Фишинговый сайт будет иметь другой адрес, который возможно будет и весьма похож.&nbsp;&nbsp;</span></span></span></p>\r\n\r\n<p><span style=\"font-size:12pt\"><span style=\"font-family:'Times New Roman'\"><span style=\"color:#000000\">И несмотря на то, что ввиду усложнения сайтов становится все сложнее сделать полную достоверную копию, мне все равно достаточно легко удалось сделать необходимый минимум для фишинг атаки.&nbsp;&nbsp;&nbsp;</span></span></span></p>\r\n\r\n<p><span style=\"font-size:12pt\"><span style=\"font-family:'Times New Roman'\"><span style=\"color:#000000\">&nbsp;&nbsp;&nbsp; </span></span></span><span style=\"font-size:12pt\"><span style=\"font-family:'Times New Roman'\"><span style=\"color:#000000\">Итак, мы изучили признаки по которым можно определить фишинговое сообщение, в какой форме может быть это сообщение и даже посмотрели на сайт который может использоваться для фишинга. Напоследок резюмируем вышесказанное.</span></span></span></p>\r\n\r\n<p><span style=\"font-size:12pt\"><span style=\"font-family:'Times New Roman'\"><span style=\"color:#000000\">Всегда внимательно смотрите от кого исходит сообщение. Если источник вам не знаком или кажется подозрительным, то либо насторожитесь и примете меры по проверке достоверности, либо просто проигнорируйте данное сообщение.&nbsp;&nbsp;</span></span></span></p>\r\n\r\n<p><span style=\"font-size:12pt\"><span style=\"font-family:'Times New Roman'\"><span style=\"color:#000000\">Всегда сохраняйте спокойствие, не впадайте в панику от и не поддавайтесь побуждающим факторам, о которых я говорил ранее.</span></span></span></p>\r\n\r\n<p><span style=\"font-size:12pt\"><span style=\"font-family:'Times New Roman'\"><span style=\"color:#000000\">Проверяйте ссылки. Желательно не переходить по прикрепленным ссылкам если вы не уверены в том, что ссылка указывает на ресурс которому вы доверяете.</span></span></span></p>\r\n\r\n<p><span style=\"font-size:12pt\"><span style=\"font-family:'Times New Roman'\"><span style=\"color:#000000\">Техническое дополнение: никогда не указывайте на сайте, который работает не по http</span></span></span><span style=\"font-size:12pt\"><span style=\"font-family:'Times New Roman'\"><span style=\"color:#000000\"><strong>s</strong></span></span></span><span style=\"font-size:12pt\"><span style=\"font-family:'Times New Roman'\"><span style=\"color:#000000\"> свою конфиденциальную информацию. Во-первых, https обеспечивает шифрование трафика. И даже если кто-то его перехватит, то у него вряд ли удастся его расшифровать. Во-вторых, https защищает атак связанных с подменой DNS (адреса, на который будет произведено обращение по ссылке)&nbsp;&nbsp;&nbsp;</span></span></span></p>", "topic": 2, "order": 4, "label": "4"}}, {"model": "mainapp.contentcard", "pk": 25, "fields": {"text": "<p><span style=\"font-size:12pt\"><span style=\"font-family:'Times New Roman'\"><span style=\"color:#000000\">В общем случае спам - это рассылка писем лицам, которые не давали разрешения на данную рассылку.</span></span></span></p>\r\n\r\n<p><span style=\"font-size:12pt\"><span style=\"font-family:'Times New Roman'\"><span style=\"color:#000000\">&nbsp;&nbsp;&nbsp; </span></span></span><span style=\"font-size:12pt\"><span style=\"font-family:'Times New Roman'\"><span style=\"color:#000000\">Приведем краткую классификацию спама, после чего перейдем к основной проблеме которую разобрать.</span></span></span></p>\r\n\r\n<p><span style=\"font-size:12pt\"><span style=\"font-family:'Times New Roman'\"><span style=\"color:#000000\">Итак спам можно поделить на 2 группы которые содержат в себе по несколько видов:</span></span></span></p>\r\n\r\n<ol>\r\n\t<li style=\"list-style-type:decimal\"><span style=\"font-size:12pt\"><span style=\"font-family:'Times New Roman'\"><span style=\"color:#000000\">Рекламный/информационный. В данном случае рекламой может считаться любое информирование о котором вы не просили о чем-либо. Причем это информирование может иметь как положительный посыл, так и отрицательный (антиреклама)</span></span></span></li>\r\n\t<li style=\"list-style-type:decimal\"><span style=\"font-size:12pt\"><span style=\"font-family:'Times New Roman'\"><span style=\"color:#000000\">Вредоносный. Его можно разделить на 3 вида:</span></span></span>\r\n\t<ol>\r\n\t\t<li style=\"list-style-type:lower-alpha\"><span style=\"font-size:12pt\"><span style=\"font-family:'Times New Roman'\"><span style=\"color:#000000\">Мошеннический. Когда у вас под некоторым предлогом пытаются убедить заплатить за что-то чего нет на самом деле. Вот комичный пример такого мошенничества:</span></span></span> <img alt=\"\" class=\"img-content-card\" src=\"/media/ck_editor_files/2021/05/11/weqkfw.jpg\" style=\"height:258px; width:350px\" />  <span style=\"font-size:12pt\"><span style=\"font-family:'Times New Roman'\"><span style=\"color:#000000\">Также вам могут предложить купить некоторый товар или услугу которых нет, либо действовать под видом представителя того, чем вы реально пользуетесь. К примеру спамер может представляться представителем некоторого сервиса которым вы пользуетесь и попросить что-либо оплатить или сделать какие-либо действия. &nbsp; &nbsp; </span></span></span></li>\r\n\t\t<li style=\"list-style-type:lower-alpha\"><span style=\"font-size:12pt\"><span style=\"font-family:'Times New Roman'\"><span style=\"color:#000000\">Это может быть фишинговое письмо. Возможно вы уже изучили представленные материалы по фишингу. Если нет, то крайне советую сделать это. Там будет все подробно разобрано.</span></span></span></li>\r\n\t\t<li style=\"list-style-type:lower-alpha\"><span style=\"font-size:12pt\"><span style=\"font-family:'Times New Roman'\"><span style=\"color:#000000\">Содержащие вредоносное программное обеспечение. Именно о нем мы и поговорим подробнее.</span></span></span></li>\r\n\t</ol>\r\n\t</li>\r\n</ol>\r\n\r\n<p><span style=\"font-size:12pt\"><span style=\"font-family:'Times New Roman'\"><span style=\"color:#000000\">И на самом деле это является большой проблемой. На протяжении последних нескольких лет наблюдается ежегодный значительный рост числа заражений вредоносным ПО. Рост этот был по 40-55% процентов в год. А основным способом его распространения является рассылка по электронной почте. От 30 до 70 процентов вредоносного ПО доставлялось именно по ней. И чтобы остановить этот пугающий рост нам необходимо научиться защищаться от этого.</span></span></span></p>\r\n\r\n<p><span style=\"font-size:12pt\"><span style=\"font-family:'Times New Roman'\"><span style=\"color:#000000\">Все вредоносные спам письма основаны на принципах которые я подробно описал в теме фишинг. Напомню:</span></span></span></p>\r\n\r\n<p><span style=\"font-size:12pt\"><span style=\"font-family:'Times New Roman'\"><span style=\"color:#000000\">Письмо от злоумышленника будет содержать текст который будет побуждать вас выполнить некоторые действия и некоторую &ldquo;полезную нагрузку&rdquo;. В случае с фишингом полезной нагрузкой будет ссылка, а побуждать вас будут перейти по ссылке и ввести свои данные. В случае с распространением вредоносного ПО полезной нагрузкой будет некоторый файл, а побуждать вас будут его загрузить и запустить.</span></span></span></p>\r\n\r\n<p><span style=\"font-size:12pt\"><span style=\"font-family:'Times New Roman'\"><span style=\"color:#000000\">Побуждение может быть самым разнообразным: вызывающим любопытство, нагнетающим (если не сказать запугивающим) последствиями неисполнения требования, или использующие благородные мотивы.</span></span></span></p>\r\n\r\n<p><span style=\"font-size:12pt\"><span style=\"font-family:'Times New Roman'\"><span style=\"color:#000000\">Обычно отправителем подобных писем являются незнакомые адресаты, которые попытались&nbsp; подобрать себе правдоподобное для своей &ldquo;роли&rdquo; имя. Но даже когда письмо приходит от знакомого человека не стоит забывать о мерах осторожности т.к. аккаунт этого знакомого могли взломать.&nbsp;&nbsp;&nbsp;&nbsp;&nbsp;&nbsp;&nbsp;&nbsp;</span></span></span></p>\r\n\r\n<p><span style=\"font-size:12pt\"><span style=\"font-family:'Times New Roman'\"><span style=\"color:#000000\">&nbsp;&nbsp;&nbsp; </span></span></span><span style=\"font-size:12pt\"><span style=\"font-family:'Times New Roman'\"><span style=\"color:#000000\">Это было краткое напоминание, но я все равно настоятельно советую вам посмотреть материалы по фишингу если вы его еще не смотрели, либо посмотреть еще раз, если не вспомнили о приведенных выше принципах.</span></span></span></p>\r\n\r\n<p>&nbsp;</p>", "topic": 5, "order": 1, "label": "1"}}, {"model": "mainapp.contentcard", "pk": 26, "fields": {"text": "<p><span style=\"font-size:12pt\"><span style=\"font-family:'Times New Roman'\"><span style=\"color:#000000\">&nbsp;&nbsp;&nbsp; Мы кратко рассмотрели каким может быть отправитель письма и его текст. Теперь рассмотрим каким может быть вредоносный файл полезной нагрузки.</span></span></span></p>\r\n\r\n<p><span style=\"font-size:12pt\"><span style=\"font-family:'Times New Roman'\"><span style=\"color:#000000\">&nbsp;&nbsp;&nbsp; Возможно, вы уже об этом знали, а если нет то наверно очень этому удивитесь, но самым распространенным типом файлов содержащим вредоносное ПО являются офисные файлы. Они могут быть опасны из-за того, что в них могут быть вредоносные макросы.&nbsp; По сути макросы это настоящие программы которые создаются на полноценном языке программирования. А из-за того, что при написании используется полноценный язык программирования существует возможность написать любую программу в том числе и вредоносную. Поэтому осторожнее относитесь к незнакомым офисным файлам и НИКОГДА не разрешайте для них выполнение макросов.</span></span></span></p>\r\n\r\n<p><span style=\"font-size:12pt\"><span style=\"font-family:'Times New Roman'\"><span style=\"color:#000000\">&nbsp;&nbsp;&nbsp; Немного менее популярным типом файла для распространения вредоносного ПО являются различного рода архивы (ZIP, RAR, TAR, особенно SFX). Из них SFX является наиболее опасным, т.к. при его распаковке автоматически запускается вложенный исполняемый файл. Также злоумышленники могут использовать шифрование архивов, чтобы системы безопасности почтовых сервисов не смогли проанали проанализировать его содержимое. Относитесь с осторожностью к зашифрованным архивам.</span></span></span></p>\r\n\r\n<p><span style=\"font-size:12pt\"><span style=\"font-family:'Times New Roman'\"><span style=\"color:#000000\">&nbsp;&nbsp;&nbsp; Также злоумышленник может пускай и ограниченный, но все же вредоносный функционал с помощью языка JavaScript в pdf файлы.&nbsp;</span></span></span></p>\r\n\r\n<p><span style=\"font-size:12pt\"><span style=\"font-family:'Times New Roman'\"><span style=\"color:#000000\">&nbsp;&nbsp;&nbsp; Есть еще много других опасных типов файлов в которые могут содержать вредоносный функционал: скрипты операционных систем (.bat, .ps ...), разного рода исполняемые файлы (.exe, .msi ...) вариантов много, но так мы можем слишком углубиться в технические подробности.&nbsp; Поэтому давайте сразу перейдем к советам как защитить себя.</span></span></span></p>\r\n\r\n<p><span style=\"font-size:12pt\"><span style=\"font-family:'Times New Roman'\"><span style=\"color:#000000\">&nbsp;&nbsp;&nbsp; Наиболее безопасный вариант - это запуск всех присланных вложенных файлов только в изолированных виртуальных пространствах: песочницах (sandbox) которые имеются в профессиональных версиях Windows, или на виртуальных машинах.&nbsp;</span></span></span></p>\r\n\r\n<p><span style=\"font-size:12pt\"><span style=\"font-family:'Times New Roman'\"><span style=\"color:#000000\">&nbsp;&nbsp;&nbsp; Но возможно, для некоторых это будет слишком сложно, а кто-то посчитает, что проверять каждый пришедший файл таким образом это слишком параноидальная затея. Поэтому я перечислю вам ряд более мягких мер по защите себя от вложенного в письма вредоносного ПО.</span></span></span></p>\r\n\r\n<p><span style=\"font-size:12pt\"><span style=\"font-family:'Times New Roman'\"><span style=\"color:#000000\">&nbsp;&nbsp;&nbsp; В каких же случаях можно не прибегать к описанным ранее методам:&nbsp;</span></span></span></p>\r\n\r\n<ol>\r\n\t<li style=\"list-style-type:decimal\"><span style=\"font-size:12pt\"><span style=\"font-family:'Times New Roman'\"><span style=\"color:#000000\">В случаях когда вам приходит файл офисного типа (doc, docx, xls,pdf ...) от доверенного лица и вы знаете, что это лицо должно было прислать что-то подобное. В таких случаях вы можете открыть файл, но при условии что у вас отключен автозапуск макросов (подробнее </span></span></span><a href=\"https://support.microsoft.com/ru-ru/topic/%D0%B2%D0%BA%D0%BB%D1%8E%D1%87%D0%B5%D0%BD%D0%B8%D0%B5-%D0%B8-%D0%BE%D1%82%D0%BA%D0%BB%D1%8E%D1%87%D0%B5%D0%BD%D0%B8%D0%B5-%D0%BC%D0%B0%D0%BA%D1%80%D0%BE%D1%81%D0%BE%D0%B2-%D0%B2-%D1%84%D0%B0%D0%B9%D0%BB%D0%B0%D1%85-office-12b036fd-d140-4e74-b45e-16fed1a7e5c6\" style=\"text-decoration:none\"><span style=\"font-size:12pt\"><span style=\"font-family:'Times New Roman'\"><span style=\"color:#1155cc\"><u>ссылка</u></span></span></span></a><span style=\"font-size:12pt\"><span style=\"font-family:'Times New Roman'\"><span style=\"color:#000000\">) и вы не будете запускать их сами (лично не удостоверившись что макрос безопасен).</span></span></span></li>\r\n\t<li style=\"list-style-type:decimal\"><span style=\"font-size:12pt\"><span style=\"font-family:'Times New Roman'\"><span style=\"color:#000000\">В случаях когда вам неожиданно пришел файл офисного типа от доверенного лица, перед открытием присланного файла свяжитесь с этим доверенным лицом по какому-нибудь другому каналу связи (не по этой же электронной почте ), и ненавязчиво переспросите о присланном файле. Так вы сможете убедиться, что письмо пришло именно от него, и что его не взломали. И при этом не показаться параноиком.</span></span></span></li>\r\n</ol>\r\n\r\n<p>&nbsp;</p>\r\n\r\n<p><span style=\"font-size:12pt\"><span style=\"font-family:'Times New Roman'\"><span style=\"color:#000000\">&nbsp;&nbsp;&nbsp; В остальных случаях лучше все таки заморочиться и сделать все безопасным способом. Вы столкнетесь со сложностями только при первичной настройке (а в некоторых случаях они уже настроены), а в последующие разы все будет просто. И главное таким образом вы будете в полной безопасности.&nbsp;&nbsp;&nbsp;</span></span></span></p>", "topic": 5, "order": 2, "label": "2"}}, {"model": "mainapp.contentcard", "pk": 27, "fields": {"text": "<p style=\"text-align:right\"><span style=\"font-size:11pt\"><span style=\"font-family:Arial\"><span style=\"color:#000000\"><em>&ldquo;Кто владеет информацией - тот владеет миром&rdquo;.&nbsp;</em></span></span></span></p>\r\n\r\n<p style=\"margin-left:336px; text-align:right\"><span style=\"font-size:11pt\"><span style=\"font-family:Arial\"><span style=\"color:#000000\"><em>&nbsp;Н. Ротшильд&nbsp;</em></span></span></span></p>\r\n\r\n<p>&nbsp;</p>\r\n\r\n<p style=\"text-align:justify\"><span style=\"font-size:12pt\"><span style=\"font-family:'Times New Roman'\"><span style=\"color:#000000\">&nbsp;&nbsp;&nbsp; В настоящее время эта фраза актуальна как никогда прежде. Ввиду того, что мы живем в информационную эру, подавляющее большинство&nbsp; окружающего нас так или иначе связано с различными информационными процессами. Поэтому всем без исключения людям необходимо обладать хотя бы базовым набором знаний о том, как защитить свою информацию, что в текущих реалиях почти равносильно защите самого себя. И я помогу вам в получении этих критически важных знаний.&nbsp;&nbsp;</span></span></span></p>\r\n\r\n<p style=\"text-align:justify\"><span style=\"font-size:12pt\"><span style=\"font-family:'Times New Roman'\"><span style=\"color:#000000\">&nbsp;&nbsp;&nbsp; В данном цикле тем присутствуют описание и методы защиты для самых распространенных по статистике информационных атак на человека. Некоторые из них перекликаются, они могут быть похожи друг на друга, так как основаны на схожих принципах. Поэтому иногда у вас может складываться ощущение, что мы рассматриваем очень похожие вещи, и что в процессе их рассмотрения я часто повторяю одни и те же (либо очень похожие тезисы). И это так. Во-первых, потому что как я уже сказал, многие атаки на человека основаны на похожих принципах, и соответственно они будут иметь схожие методы противодействия. А во-вторых, местами я создавал намеренные повторы некоторых тезисов и дополнительные ссылки на другие материалы в контексте: &ldquo;А вот вспомните, мы говорили об этом&rdquo;. Этот акт сделан в целях повышения вероятности, что читатель точно запомнит как минимум самые главные тезисы. И это отражает применение поговорки &ldquo;повторение - мать учения&rdquo;. Или если более научно, то улучшение запоминаемости важной информации основываясь на выводах о &ldquo;Кривой Эббингауза&rdquo;.&nbsp;</span></span></span></p>\r\n\r\n<p style=\"text-align:justify\"><span style=\"font-size:12pt\"><span style=\"font-family:'Times New Roman'\"><span style=\"color:#000000\">&nbsp;&nbsp;&nbsp; Иногда я буду говорить о вероятностях и частоте встречаемости некоторых событий. И в основном буду использовать некоторые условные и сравнительные понятия. Не забывайте: если я говорю, что вероятность чего-то небольшая, то это не значит что этого не случится. Закон Мерфи никто не отменял.&nbsp;</span></span></span></p>\r\n\r\n<p style=\"text-align:justify\"><img alt=\"\" class=\"img-content-card\" src=\"/media/ck_editor_files/2021/05/13/qogpcfik5xc.jpg\" style=\"height:1008px; width:880px\" /></p>\r\n\r\n<p style=\"text-align:justify\"><span style=\"font-size:12pt\"><span style=\"font-family:'Times New Roman'\"><span style=\"color:#000000\">&nbsp;&nbsp;&nbsp; В процессе написания материалов я пытался комплексно рассмотреть подозреваемую проблему, донести ее суть. Также, давая вам советы по защите, я старался не просто вам все запретить, а советовал какими способами можно защитится&nbsp;</span></span></span></p>\r\n\r\n<p style=\"text-align:justify\"><span style=\"font-size:12pt\"><span style=\"font-family:'Times New Roman'\"><span style=\"color:#000000\">&nbsp;&nbsp;&nbsp; Несмотря на все трудности работы автора с которыми я столкнулся в процессе написания данных материалов, надеюсь что мне удалось создать интересные, оригинальные и полезные для вас материалы. А знания которые вы получите еще не раз вам пригодятся и помогут защитить себя.&nbsp;</span></span></span></p>", "topic": 3, "order": 1, "label": "1"}}, {"model": "mainapp.comment", "pk": 1, "fields": {"topic": 4, "user": 1, "content": "comment from DAN", "date": "2021-04-29T08:25:44.148Z", "modified": "2021-04-29T08:25:44.148Z"}}, {"model": "mainapp.comment", "pk": 2, "fields": {"topic": 1, "user": 1, "content": "123", "date": "2021-04-29T11:13:37.651Z", "modified": "2021-04-29T11:13:37.651Z"}}, {"model": "mainapp.comment", "pk": 3, "fields": {"topic": 1, "user": 1, "content": "123", "date": "2021-04-29T12:26:05.369Z", "modified": "2021-04-29T12:26:05.369Z"}}, {"model": "mainapp.comment", "pk": 4, "fields": {"topic": 1, "user": 1, "content": "123455678", "date": "2021-04-29T16:53:55.587Z", "modified": "2021-04-29T16:53:55.587Z"}}, {"model": "mainapp.comment", "pk": 7, "fields": {"topic": 4, "user": 1, "content": "new_method", "date": "2021-04-30T07:50:19.331Z", "modified": "2021-04-30T07:50:19.331Z"}}, {"model": "questionapp.question", "pk": 4, "fields": {"text": "<p><img alt=\"\" class=\"img-content-card\" src=\"/media/ck_editor_files/2021/04/26/realvk.png\" style=\"height:914px; width:1608px\" /></p>\r\n\r\n<p>&nbsp;</p>\r\n\r\n<p>Является ли данная страница сайта vk.com фишинговой?</p>", "topic": 2}}, {"model": "questionapp.question", "pk": 6, "fields": {"text": "<p>Какие из следующих паролей являются недостаточно сильными?</p>", "topic": 4}}, {"model": "questionapp.question", "pk": 7, "fields": {"text": "<p>Каким способом можно получить наиболее оптимальный пароль?</p>", "topic": 4}}, {"model": "questionapp.question", "pk": 8, "fields": {"text": "<p>Необходимо ли часто (раз в 2-6 месяцев) менять пароли?</p>", "topic": 4}}, {"model": "questionapp.question", "pk": 9, "fields": {"text": "<p>Что можно использовать для упрощения обращения с паролями?</p>", "topic": 4}}, {"model": "questionapp.question", "pk": 10, "fields": {"text": "<p>Можно ли использовать один пароль для нескольких сервисов?</p>", "topic": 4}}, {"model": "questionapp.question", "pk": 11, "fields": {"text": "<p>Что такое социальная инженерия?</p>", "topic": 1}}, {"model": "questionapp.question", "pk": 12, "fields": {"text": "<p>Вам позвонил с известного вам номера незнакомый человек и сообщил о некоторой проблеме, а также попросил вас кое о чем для ее решения. Что вы сделаете?</p>", "topic": 1}}, {"model": "questionapp.question", "pk": 13, "fields": {"text": "<p>Вы решили поработать с конфиденциальной информацией. Что вы будете при этом делать?</p>", "topic": 1}}, {"model": "questionapp.question", "pk": 14, "fields": {"text": "<p>Вы нашли неизвестную флешку. Что вы можете делать?</p>", "topic": 1}}, {"model": "questionapp.question", "pk": 15, "fields": {"text": "<p>Какие методы может использовать злоумышленник чтобы заставить вас что-то сделать?</p>", "topic": 1}}, {"model": "questionapp.question", "pk": 16, "fields": {"text": "<p>На что нужно обратить внимание, чтобы понять является ли письмо фишинговым?</p>", "topic": 2}}, {"model": "questionapp.question", "pk": 17, "fields": {"text": "<p>Как обезопасить свою аутентификационную информацию (пароли и т.д.) при работе в сети интернет?</p>", "topic": 2}}, {"model": "questionapp.question", "pk": 18, "fields": {"text": "<p>Фишинг в контексте информационной безопасности это?</p>", "topic": 2}}, {"model": "questionapp.question", "pk": 19, "fields": {"text": "<p>&nbsp;</p>\r\n\r\n<p><img alt=\"\" class=\"img-content-card\" src=\"/media/ck_editor_files/2021/05/13/phishing_email.png\" style=\"height:888px; width:1159px\" /></p>\r\n\r\n<p>Является ли данное письмо похожим на фишинговое?</p>", "topic": 2}}, {"model": "questionapp.question", "pk": 20, "fields": {"text": "<p>В каких целях может использоваться спам?</p>", "topic": 5}}, {"model": "questionapp.question", "pk": 21, "fields": {"text": "<p>Как защититься от возможных последствий подозрительного письма с приложенным файлом?</p>", "topic": 5}}, {"model": "questionapp.question", "pk": 22, "fields": {"text": "<p>Какие приложенные архивы являются самыми подозрительныим?</p>", "topic": 5}}, {"model": "questionapp.question", "pk": 23, "fields": {"text": "<p>Что нужно сделать перед открытием документов офисного пакета?</p>", "topic": 5}}, {"model": "questionapp.answer", "pk": 8, "fields": {"question": 4, "text": "Да", "correct": false}}, {"model": "questionapp.answer", "pk": 9, "fields": {"question": 4, "text": "Нет", "correct": true}}, {"model": "questionapp.answer", "pk": 11, "fields": {"question": 6, "text": "Den4e9_1999", "correct": true}}, {"model": "questionapp.answer", "pk": 12, "fields": {"question": 6, "text": "123-qwe-asd-zxc", "correct": true}}, {"model": "questionapp.answer", "pk": 13, "fields": {"question": 6, "text": "rPlMb5q/bcz50=", "correct": false}}, {"model": "questionapp.answer", "pk": 14, "fields": {"question": 6, "text": "g00gle-mb|L021", "correct": true}}, {"model": "questionapp.answer", "pk": 15, "fields": {"question": 7, "text": "Сгенерировать его криптостойким генератором", "correct": false}}, {"model": "questionapp.answer", "pk": 16, "fields": {"question": 7, "text": "Использовать мнемонические техники для создания и запоминания", "correct": true}}, {"model": "questionapp.answer", "pk": 17, "fields": {"question": 7, "text": "Создать пароль из расположенных рядом символов", "correct": false}}, {"model": "questionapp.answer", "pk": 18, "fields": {"question": 8, "text": "Да", "correct": false}}, {"model": "questionapp.answer", "pk": 19, "fields": {"question": 8, "text": "Нет", "correct": false}}, {"model": "questionapp.answer", "pk": 20, "fields": {"question": 8, "text": "Нет, если это не противоречит каким-либо требованиям лицензирования", "correct": true}}, {"model": "questionapp.answer", "pk": 21, "fields": {"question": 9, "text": "Парольный менеджер", "correct": true}}, {"model": "questionapp.answer", "pk": 22, "fields": {"question": 9, "text": "Один пароль для всех сервисов", "correct": false}}, {"model": "questionapp.answer", "pk": 23, "fields": {"question": 9, "text": "OpenVPN", "correct": false}}, {"model": "questionapp.answer", "pk": 24, "fields": {"question": 9, "text": "OpenID, OpenAuth", "correct": true}}, {"model": "questionapp.answer", "pk": 25, "fields": {"question": 10, "text": "Да", "correct": false}}, {"model": "questionapp.answer", "pk": 26, "fields": {"question": 10, "text": "Нет", "correct": false}}, {"model": "questionapp.answer", "pk": 27, "fields": {"question": 10, "text": "Да, если он очень \"сильный\"", "correct": false}}, {"model": "questionapp.answer", "pk": 28, "fields": {"question": 10, "text": "Да, если важность этих сервисов для вас не критична, а их ценность мала", "correct": true}}, {"model": "questionapp.answer", "pk": 29, "fields": {"question": 11, "text": "Наука о проектировании городской среды для комфортного проживания социума", "correct": false}}, {"model": "questionapp.answer", "pk": 30, "fields": {"question": 11, "text": "Наука о человеческом поведении, и том как на него влиять", "correct": true}}, {"model": "questionapp.answer", "pk": 31, "fields": {"question": 11, "text": "Наука о создании идеального общества", "correct": false}}, {"model": "questionapp.answer", "pk": 32, "fields": {"question": 12, "text": "Сделаю то, что он скажет. Так как все проблемы нужно решать", "correct": false}}, {"model": "questionapp.answer", "pk": 33, "fields": {"question": 12, "text": "Прежде чем что-то делать, проверю тот ли этот человек, за кого он себя выдает", "correct": true}}, {"model": "questionapp.answer", "pk": 34, "fields": {"question": 12, "text": "Прежде чем что-то делать, проверю есть ли такая проблема на самом деле", "correct": true}}, {"model": "questionapp.answer", "pk": 35, "fields": {"question": 12, "text": "Нет, вообще ничего не буду делать. Вокруг одни мошенники", "correct": false}}, {"model": "questionapp.answer", "pk": 36, "fields": {"question": 13, "text": "Просто работать", "correct": false}}, {"model": "questionapp.answer", "pk": 37, "fields": {"question": 13, "text": "Прежде чем начать работать сяду так, чтобы не было видно мою инфомацию", "correct": false}}, {"model": "questionapp.answer", "pk": 38, "fields": {"question": 13, "text": "Прежде чем начать работать сяду так, чтобы не было видно мою инфомацию и периодически буду контролировать не могут ли подсмотреть находящиеся поблизости люди", "correct": true}}, {"model": "questionapp.answer", "pk": 39, "fields": {"question": 13, "text": "Прежде чем При работе буду периодически контролировать не могут ли подсмотреть находящиеся поблизости люди", "correct": false}}, {"model": "questionapp.answer", "pk": 40, "fields": {"question": 14, "text": "Вставлю ее в свой рабочий компьтер, чтобы посмотреть что на ней", "correct": false}}, {"model": "questionapp.answer", "pk": 41, "fields": {"question": 14, "text": "Вставлю ее в компьютер соседа", "correct": false}}, {"model": "questionapp.answer", "pk": 42, "fields": {"question": 14, "text": "Вставлю ее в не важное устройство изолированное от компьютерной сети", "correct": true}}, {"model": "questionapp.answer", "pk": 43, "fields": {"question": 14, "text": "Не буду ее никуда вставлять", "correct": true}}, {"model": "questionapp.answer", "pk": 44, "fields": {"question": 15, "text": "Говорить о возможных серьезных последствиях", "correct": true}}, {"model": "questionapp.answer", "pk": 45, "fields": {"question": 15, "text": "Упоминать отрывочную информацию о вас чтобы убедить что этот человек тот, за кого он себя выдает", "correct": true}}, {"model": "questionapp.answer", "pk": 46, "fields": {"question": 15, "text": "Подгонять вас тем, что времени на раздумия нет", "correct": true}}, {"model": "questionapp.answer", "pk": 47, "fields": {"question": 15, "text": "Подгонять вас тем, что у вас все равно не получится проверить", "correct": true}}, {"model": "questionapp.answer", "pk": 48, "fields": {"question": 16, "text": "Адрес отправителя", "correct": true}}, {"model": "questionapp.answer", "pk": 49, "fields": {"question": 16, "text": "Кем представляется отправитель письма", "correct": false}}, {"model": "questionapp.answer", "pk": 50, "fields": {"question": 16, "text": "На то, куда ведет ссылка", "correct": true}}, {"model": "questionapp.answer", "pk": 51, "fields": {"question": 16, "text": "Запугивает ли или торопит вас текстовая часть письма", "correct": true}}, {"model": "questionapp.answer", "pk": 52, "fields": {"question": 17, "text": "Проверять адрес сайта на котором вы вводите свои данные", "correct": true}}, {"model": "questionapp.answer", "pk": 53, "fields": {"question": 17, "text": "Внимательно смотреть на то, как выглядит сайт", "correct": false}}, {"model": "questionapp.answer", "pk": 54, "fields": {"question": 17, "text": "Вводить свои данные только при подключении по HTTPS", "correct": true}}, {"model": "questionapp.answer", "pk": 55, "fields": {"question": 17, "text": "Вводить свои данные только при подключении по HTTP", "correct": false}}, {"model": "questionapp.answer", "pk": 56, "fields": {"question": 18, "text": "Рыбалка", "correct": false}}, {"model": "questionapp.answer", "pk": 57, "fields": {"question": 18, "text": "Метод социальной инженерии направленный на кражу аутентификационной информации", "correct": true}}, {"model": "questionapp.answer", "pk": 58, "fields": {"question": 18, "text": "Метод социальной инженерии направленный на поиск информации о жертве", "correct": false}}, {"model": "questionapp.answer", "pk": 59, "fields": {"question": 18, "text": "Метод социальной инженерии заключающийся в подбрасывании зараженного физического носителя", "correct": false}}, {"model": "questionapp.answer", "pk": 60, "fields": {"question": 19, "text": "Да", "correct": true}}, {"model": "questionapp.answer", "pk": 61, "fields": {"question": 19, "text": "Нет", "correct": false}}, {"model": "questionapp.answer", "pk": 62, "fields": {"question": 20, "text": "Реклама", "correct": true}}, {"model": "questionapp.answer", "pk": 63, "fields": {"question": 20, "text": "Антиреклама", "correct": true}}, {"model": "questionapp.answer", "pk": 64, "fields": {"question": 20, "text": "Доставка вредоносного файла", "correct": true}}, {"model": "questionapp.answer", "pk": 65, "fields": {"question": 20, "text": "Для взлома серверов", "correct": false}}, {"model": "questionapp.answer", "pk": 66, "fields": {"question": 21, "text": "Открывать приложенный файл в изолированной \"песочнице\" или виртуальной машине", "correct": true}}, {"model": "questionapp.answer", "pk": 67, "fields": {"question": 21, "text": "Перед открытием файла убедиться в том, что его отправил именно доверенный человек", "correct": true}}, {"model": "questionapp.answer", "pk": 68, "fields": {"question": 21, "text": "Открывать только файлы распространенных \"офисных\" форматов", "correct": false}}, {"model": "questionapp.answer", "pk": 69, "fields": {"question": 22, "text": "Формата \"rar\"", "correct": false}}, {"model": "questionapp.answer", "pk": 70, "fields": {"question": 22, "text": "Формата \"sfx\"", "correct": true}}, {"model": "questionapp.answer", "pk": 71, "fields": {"question": 22, "text": "Зашифрованные архивы", "correct": true}}, {"model": "questionapp.answer", "pk": 72, "fields": {"question": 22, "text": "Архивы с большим весом", "correct": false}}, {"model": "questionapp.answer", "pk": 73, "fields": {"question": 23, "text": "Проверить его антивирусом", "correct": false}}, {"model": "questionapp.answer", "pk": 74, "fields": {"question": 23, "text": "Проверить отключен ли автозапуск макросов, отключить его, и не запускать его вручную", "correct": true}}, {"model": "questionapp.answer", "pk": 75, "fields": {"question": 23, "text": "Запустить виртуальную машину и открыть файл на ней", "correct": true}}, {"model": "questionapp.questioncard", "pk": 1, "fields": {"topic": 1, "text": "Тест по социальной инженерии", "image": "card_img/social_ing_wakbN7S.jpg"}}, {"model": "questionapp.questioncard", "pk": 2, "fields": {"topic": 5, "text": "Пройти тест по теме спам", "image": ""}}, {"model": "questionapp.questioncard", "pk": 3, "fields": {"topic": 4, "text": "Пройти тест по теме парольная политика", "image": "card_img/is_my_pswd_safe_Парольная_политика.png"}}, {"model": "questionapp.questioncard", "pk": 4, "fields": {"topic": 2, "text": "Тест по теме \"Фишинг\"", "image": "card_img/phishing_xdO6Czg.webp"}}, {"model": "admin.logentry", "pk": 1, "fields": {"action_time": "2021-03-16T13:12:11.584Z", "user": 1, "content_type": 7, "object_id": "1", "object_repr": "Card object (1)", "action_flag": 1, "change_message": "[{\"added\": {}}]"}}, {"model": "admin.logentry", "pk": 2, "fields": {"action_time": "2021-03-16T13:12:57.246Z", "user": 1, "content_type": 7, "object_id": "1", "object_repr": "Card object (1)", "action_flag": 2, "change_message": "[{\"changed\": {\"fields\": [\"\\u0417\\u0430\\u0433\\u043e\\u043b\\u043e\\u0432\\u043e\\u043a\", \"\\u0422\\u0435\\u043a\\u0441\\u0442 \\u043a\\u0430\\u0440\\u0442\\u043e\\u0447\\u043a\\u0438\"]}}]"}}, {"model": "admin.logentry", "pk": 3, "fields": {"action_time": "2021-03-17T08:22:14.291Z", "user": 1, "content_type": 7, "object_id": "1", "object_repr": "Card object (1)", "action_flag": 2, "change_message": "[{\"changed\": {\"fields\": [\"\\u041a\\u0430\\u0440\\u0442\\u0438\\u043d\\u043a\\u0430 \\u043a\\u0430\\u0440\\u0442\\u043e\\u0447\\u043a\\u0438\"]}}]"}}, {"model": "admin.logentry", "pk": 4, "fields": {"action_time": "2021-03-17T08:28:09.596Z", "user": 1, "content_type": 7, "object_id": "2", "object_repr": "Card object (2)", "action_flag": 1, "change_message": "[{\"added\": {}}]"}}, {"model": "admin.logentry", "pk": 5, "fields": {"action_time": "2021-03-23T07:28:11.075Z", "user": 1, "content_type": 8, "object_id": "1", "object_repr": "ContentCard object (1)", "action_flag": 1, "change_message": "[{\"added\": {}}]"}}, {"model": "admin.logentry", "pk": 6, "fields": {"action_time": "2021-03-23T08:48:30.258Z", "user": 1, "content_type": 8, "object_id": "2", "object_repr": "ContentCard object (2)", "action_flag": 1, "change_message": "[{\"added\": {}}]"}}, {"model": "admin.logentry", "pk": 7, "fields": {"action_time": "2021-03-25T07:37:43.649Z", "user": 1, "content_type": 8, "object_id": "2", "object_repr": "ContentCard object (2)", "action_flag": 3, "change_message": ""}}, {"model": "admin.logentry", "pk": 8, "fields": {"action_time": "2021-03-25T07:37:43.850Z", "user": 1, "content_type": 8, "object_id": "1", "object_repr": "ContentCard object (1)", "action_flag": 3, "change_message": ""}}, {"model": "admin.logentry", "pk": 9, "fields": {"action_time": "2021-03-25T07:37:52.624Z", "user": 1, "content_type": 7, "object_id": "2", "object_repr": "Card object (2)", "action_flag": 3, "change_message": ""}}, {"model": "admin.logentry", "pk": 10, "fields": {"action_time": "2021-03-25T07:37:52.804Z", "user": 1, "content_type": 7, "object_id": "1", "object_repr": "Card object (1)", "action_flag": 3, "change_message": ""}}, {"model": "admin.logentry", "pk": 11, "fields": {"action_time": "2021-03-25T07:41:30.646Z", "user": 1, "content_type": 9, "object_id": "1", "object_repr": "Topic object (1)", "action_flag": 1, "change_message": "[{\"added\": {}}]"}}, {"model": "admin.logentry", "pk": 12, "fields": {"action_time": "2021-03-25T07:45:37.349Z", "user": 1, "content_type": 7, "object_id": "1", "object_repr": "Card object (1)", "action_flag": 1, "change_message": "[{\"added\": {}}]"}}, {"model": "admin.logentry", "pk": 13, "fields": {"action_time": "2021-03-25T07:49:16.415Z", "user": 1, "content_type": 8, "object_id": "1", "object_repr": "ContentCard object (1)", "action_flag": 1, "change_message": "[{\"added\": {}}]"}}, {"model": "admin.logentry", "pk": 14, "fields": {"action_time": "2021-03-25T07:50:18.350Z", "user": 1, "content_type": 8, "object_id": "2", "object_repr": "ContentCard object (2)", "action_flag": 1, "change_message": "[{\"added\": {}}]"}}, {"model": "admin.logentry", "pk": 15, "fields": {"action_time": "2021-03-25T08:28:13.042Z", "user": 1, "content_type": 8, "object_id": "1", "object_repr": "ContentCard object (1)", "action_flag": 2, "change_message": "[{\"changed\": {\"fields\": [\"\\u0421\\u043e\\u0434\\u0435\\u0440\\u0436\\u0430\\u043d\\u0438\\u0435 \\u043a\\u0430\\u0440\\u0442\\u043e\\u0447\\u043a\\u0438\"]}}]"}}, {"model": "admin.logentry", "pk": 16, "fields": {"action_time": "2021-03-30T07:35:18.419Z", "user": 1, "content_type": 8, "object_id": "1", "object_repr": "ContentCard object (1)", "action_flag": 2, "change_message": "[{\"changed\": {\"fields\": [\"\\u0421\\u043e\\u0434\\u0435\\u0440\\u0436\\u0430\\u043d\\u0438\\u0435 \\u043a\\u0430\\u0440\\u0442\\u043e\\u0447\\u043a\\u0438\"]}}]"}}, {"model": "admin.logentry", "pk": 17, "fields": {"action_time": "2021-03-30T07:38:17.849Z", "user": 1, "content_type": 8, "object_id": "1", "object_repr": "ContentCard object (1)", "action_flag": 2, "change_message": "[{\"changed\": {\"fields\": [\"\\u0421\\u043e\\u0434\\u0435\\u0440\\u0436\\u0430\\u043d\\u0438\\u0435 \\u043a\\u0430\\u0440\\u0442\\u043e\\u0447\\u043a\\u0438\"]}}]"}}, {"model": "admin.logentry", "pk": 18, "fields": {"action_time": "2021-03-30T07:43:56.298Z", "user": 1, "content_type": 8, "object_id": "1", "object_repr": "ContentCard object (1)", "action_flag": 2, "change_message": "[{\"changed\": {\"fields\": [\"\\u0421\\u043e\\u0434\\u0435\\u0440\\u0436\\u0430\\u043d\\u0438\\u0435 \\u043a\\u0430\\u0440\\u0442\\u043e\\u0447\\u043a\\u0438\"]}}]"}}, {"model": "admin.logentry", "pk": 19, "fields": {"action_time": "2021-03-30T07:54:40.191Z", "user": 1, "content_type": 8, "object_id": "1", "object_repr": "ContentCard object (1)", "action_flag": 2, "change_message": "[{\"changed\": {\"fields\": [\"\\u0421\\u043e\\u0434\\u0435\\u0440\\u0436\\u0430\\u043d\\u0438\\u0435 \\u043a\\u0430\\u0440\\u0442\\u043e\\u0447\\u043a\\u0438\"]}}]"}}, {"model": "admin.logentry", "pk": 20, "fields": {"action_time": "2021-03-30T07:55:59.978Z", "user": 1, "content_type": 8, "object_id": "1", "object_repr": "ContentCard object (1)", "action_flag": 2, "change_message": "[{\"changed\": {\"fields\": [\"\\u0421\\u043e\\u0434\\u0435\\u0440\\u0436\\u0430\\u043d\\u0438\\u0435 \\u043a\\u0430\\u0440\\u0442\\u043e\\u0447\\u043a\\u0438\"]}}]"}}, {"model": "admin.logentry", "pk": 21, "fields": {"action_time": "2021-04-17T13:13:34.437Z", "user": 1, "content_type": 8, "object_id": "1", "object_repr": "ContentCard object (1)", "action_flag": 2, "change_message": "[{\"changed\": {\"fields\": [\"\\u0421\\u043e\\u0434\\u0435\\u0440\\u0436\\u0430\\u043d\\u0438\\u0435 \\u043a\\u0430\\u0440\\u0442\\u043e\\u0447\\u043a\\u0438\", \"\\u041e\\u0431\\u043e\\u0437\\u043d\\u0430\\u0447\\u0435\\u043d\\u0438\\u0435 \\u043a\\u0430\\u0440\\u0442\\u043e\\u0447\\u043a\\u0438 \\u043f\\u0440\\u0438 \\u043f\\u0430\\u0433\\u0438\\u043d\\u0430\\u0446\\u0438\\u0438\"]}}]"}}, {"model": "admin.logentry", "pk": 22, "fields": {"action_time": "2021-04-18T07:57:48.787Z", "user": 1, "content_type": 8, "object_id": "3", "object_repr": "ContentCard object (3)", "action_flag": 1, "change_message": "[{\"added\": {}}]"}}, {"model": "admin.logentry", "pk": 23, "fields": {"action_time": "2021-04-18T08:09:13.771Z", "user": 1, "content_type": 9, "object_id": "2", "object_repr": "фишинг", "action_flag": 1, "change_message": "[{\"added\": {}}]"}}, {"model": "admin.logentry", "pk": 24, "fields": {"action_time": "2021-04-18T08:09:42.458Z", "user": 1, "content_type": 8, "object_id": "4", "object_repr": "ContentCard object (4)", "action_flag": 1, "change_message": "[{\"added\": {}}]"}}, {"model": "admin.logentry", "pk": 25, "fields": {"action_time": "2021-04-18T08:10:02.767Z", "user": 1, "content_type": 8, "object_id": "5", "object_repr": "ContentCard object (5)", "action_flag": 1, "change_message": "[{\"added\": {}}]"}}, {"model": "admin.logentry", "pk": 26, "fields": {"action_time": "2021-04-18T09:05:28.361Z", "user": 1, "content_type": 8, "object_id": "6", "object_repr": "ContentCard object (6)", "action_flag": 1, "change_message": "[{\"added\": {}}]"}}, {"model": "admin.logentry", "pk": 27, "fields": {"action_time": "2021-04-18T11:37:33.763Z", "user": 1, "content_type": 13, "object_id": "1", "object_repr": "Question object (1)", "action_flag": 1, "change_message": "[{\"added\": {}}]"}}, {"model": "admin.logentry", "pk": 28, "fields": {"action_time": "2021-04-18T11:38:18.975Z", "user": 1, "content_type": 14, "object_id": "1", "object_repr": "Answer object (1)", "action_flag": 1, "change_message": "[{\"added\": {}}]"}}, {"model": "admin.logentry", "pk": 29, "fields": {"action_time": "2021-04-18T11:38:27.941Z", "user": 1, "content_type": 14, "object_id": "2", "object_repr": "Answer object (2)", "action_flag": 1, "change_message": "[{\"added\": {}}]"}}, {"model": "admin.logentry", "pk": 30, "fields": {"action_time": "2021-04-18T11:38:35.311Z", "user": 1, "content_type": 14, "object_id": "3", "object_repr": "Answer object (3)", "action_flag": 1, "change_message": "[{\"added\": {}}]"}}, {"model": "admin.logentry", "pk": 31, "fields": {"action_time": "2021-04-18T16:28:05.272Z", "user": 1, "content_type": 13, "object_id": "2", "object_repr": "Question object (2)", "action_flag": 1, "change_message": "[{\"added\": {}}]"}}, {"model": "admin.logentry", "pk": 32, "fields": {"action_time": "2021-04-18T16:28:30.532Z", "user": 1, "content_type": 14, "object_id": "4", "object_repr": "Answer object (4)", "action_flag": 1, "change_message": "[{\"added\": {}}]"}}, {"model": "admin.logentry", "pk": 33, "fields": {"action_time": "2021-04-18T16:28:42.941Z", "user": 1, "content_type": 14, "object_id": "5", "object_repr": "Answer object (5)", "action_flag": 1, "change_message": "[{\"added\": {}}]"}}, {"model": "admin.logentry", "pk": 34, "fields": {"action_time": "2021-04-25T13:13:28.103Z", "user": 1, "content_type": 13, "object_id": "3", "object_repr": "Question object (3)", "action_flag": 1, "change_message": "[{\"added\": {}}]"}}, {"model": "admin.logentry", "pk": 35, "fields": {"action_time": "2021-04-25T13:13:52.657Z", "user": 1, "content_type": 14, "object_id": "6", "object_repr": "Answer object (6)", "action_flag": 1, "change_message": "[{\"added\": {}}]"}}, {"model": "admin.logentry", "pk": 36, "fields": {"action_time": "2021-04-25T13:14:01.978Z", "user": 1, "content_type": 14, "object_id": "7", "object_repr": "Answer object (7)", "action_flag": 1, "change_message": "[{\"added\": {}}]"}}, {"model": "admin.logentry", "pk": 37, "fields": {"action_time": "2021-04-26T07:46:12.948Z", "user": 1, "content_type": 9, "object_id": "3", "object_repr": "Введение", "action_flag": 1, "change_message": "[{\"added\": {}}]"}}, {"model": "admin.logentry", "pk": 38, "fields": {"action_time": "2021-04-26T07:46:27.426Z", "user": 1, "content_type": 9, "object_id": "4", "object_repr": "Парольная политика", "action_flag": 1, "change_message": "[{\"added\": {}}]"}}, {"model": "admin.logentry", "pk": 39, "fields": {"action_time": "2021-04-26T07:47:05.837Z", "user": 1, "content_type": 9, "object_id": "5", "object_repr": "Спам", "action_flag": 1, "change_message": "[{\"added\": {}}]"}}, {"model": "admin.logentry", "pk": 40, "fields": {"action_time": "2021-04-26T07:51:52.481Z", "user": 1, "content_type": 7, "object_id": "1", "object_repr": "Более 50% хакеров  используют  фишинг  в качестве отправной  точки взлома", "action_flag": 2, "change_message": "[{\"changed\": {\"fields\": [\"\\u0417\\u0430\\u0433\\u043e\\u043b\\u043e\\u0432\\u043e\\u043a\", \"\\u0422\\u0435\\u043a\\u0441\\u0442 \\u043a\\u0430\\u0440\\u0442\\u043e\\u0447\\u043a\\u0438\", \"\\u041f\\u043e\\u0440\\u044f\\u0434\\u043a\\u043e\\u0432\\u044b\\u0439 \\u043d\\u043e\\u043c\\u0435\\u0440 \\u043a\\u0430\\u0440\\u0442\\u043e\\u0447\\u043a\\u0438\", \"Topic\"]}}]"}}, {"model": "admin.logentry", "pk": 41, "fields": {"action_time": "2021-04-26T07:57:33.326Z", "user": 1, "content_type": 7, "object_id": "2", "object_repr": "Введение", "action_flag": 1, "change_message": "[{\"added\": {}}]"}}, {"model": "admin.logentry", "pk": 42, "fields": {"action_time": "2021-04-26T08:02:26.926Z", "user": 1, "content_type": 7, "object_id": "3", "object_repr": "Как выбрать хороший пароль?", "action_flag": 1, "change_message": "[{\"added\": {}}]"}}, {"model": "admin.logentry", "pk": 43, "fields": {"action_time": "2021-04-26T08:05:33.968Z", "user": 1, "content_type": 7, "object_id": "4", "object_repr": "Чем может быть опасен спам", "action_flag": 1, "change_message": "[{\"added\": {}}]"}}, {"model": "admin.logentry", "pk": 44, "fields": {"action_time": "2021-04-26T08:08:13.792Z", "user": 1, "content_type": 7, "object_id": "5", "object_repr": "В  последние годы наблюдается  взрывной рост количества   инцедентов безопасности  связанных с социальной  инженерией", "action_flag": 1, "change_message": "[{\"added\": {}}]"}}, {"model": "admin.logentry", "pk": 45, "fields": {"action_time": "2021-04-26T08:17:07.322Z", "user": 1, "content_type": 7, "object_id": "5", "object_repr": "В  последние годы наблюдается  взрывной рост количества   инцедентов безопасности  связанных с социальной  инженерией", "action_flag": 2, "change_message": "[{\"changed\": {\"fields\": [\"\\u041f\\u043e\\u0440\\u044f\\u0434\\u043a\\u043e\\u0432\\u044b\\u0439 \\u043d\\u043e\\u043c\\u0435\\u0440 \\u043a\\u0430\\u0440\\u0442\\u043e\\u0447\\u043a\\u0438\"]}}]"}}, {"model": "admin.logentry", "pk": 46, "fields": {"action_time": "2021-04-26T08:48:34.115Z", "user": 1, "content_type": 8, "object_id": "7", "object_repr": "ContentCard object (7)", "action_flag": 1, "change_message": "[{\"added\": {}}]"}}, {"model": "admin.logentry", "pk": 47, "fields": {"action_time": "2021-04-26T08:53:12.439Z", "user": 1, "content_type": 8, "object_id": "4", "object_repr": "Парольная политика | <p>фывыфвлыфвдлофыв</p>\r\n\r\n<p>ыфвыфовдыфлвоыфдлвоыф</p>\r\n\r\n<p>вдлыфовдыфлвофыдлвофы</p>\r\n\r\n<p>вдлыфо ...", "action_flag": 2, "change_message": "[{\"changed\": {\"fields\": [\"Topic\"]}}]"}}, {"model": "admin.logentry", "pk": 48, "fields": {"action_time": "2021-04-26T08:53:37.776Z", "user": 1, "content_type": 8, "object_id": "3", "object_repr": "Парольная политика | <p>alskjdlaskjdlkasjdlaks</p>\r\n\r\n<p>lakdjlaskjdlksajdlaskjd</p>\r\n\r\n<p>kjasldkjaslkdjslakdjlkasjda</p ...", "action_flag": 2, "change_message": "[{\"changed\": {\"fields\": [\"Topic\", \"\\u041f\\u043e\\u0440\\u044f\\u0434\\u043a\\u043e\\u0432\\u044b\\u0439 \\u043d\\u043e\\u043c\\u0435\\u0440 \\u043a\\u0430\\u0440\\u0442\\u043e\\u0447\\u043a\\u0438\", \"\\u041e\\u0431\\u043e\\u0437\\u043d\\u0430\\u0447\\u0435\\u043d\\u0438\\u0435 \\u043a\\u0430\\u0440\\u0442\\u043e\\u0447\\u043a\\u0438 \\u043f\\u0440\\u0438 \\u043f\\u0430\\u0433\\u0438\\u043d\\u0430\\u0446\\u0438\\u0438\"]}}]"}}, {"model": "admin.logentry", "pk": 49, "fields": {"action_time": "2021-04-26T08:59:06.673Z", "user": 1, "content_type": 8, "object_id": "8", "object_repr": "Парольная политика | <p><span style=\"font-size:12pt\"><span style=\"font-family:'Times New Roman'\"><span style=\"color:#0000 ...", "action_flag": 1, "change_message": "[{\"added\": {}}]"}}, {"model": "admin.logentry", "pk": 50, "fields": {"action_time": "2021-04-26T20:50:08.272Z", "user": 1, "content_type": 13, "object_id": "4", "object_repr": "Question object (4)", "action_flag": 1, "change_message": "[{\"added\": {}}]"}}, {"model": "admin.logentry", "pk": 51, "fields": {"action_time": "2021-04-26T20:50:33.412Z", "user": 1, "content_type": 14, "object_id": "8", "object_repr": "Answer object (8)", "action_flag": 1, "change_message": "[{\"added\": {}}]"}}, {"model": "admin.logentry", "pk": 52, "fields": {"action_time": "2021-04-26T20:50:45.804Z", "user": 1, "content_type": 14, "object_id": "9", "object_repr": "Answer object (9)", "action_flag": 1, "change_message": "[{\"added\": {}}]"}}, {"model": "admin.logentry", "pk": 53, "fields": {"action_time": "2021-04-29T08:25:44.149Z", "user": 1, "content_type": 15, "object_id": "1", "object_repr": "den: comment from DAN...", "action_flag": 1, "change_message": "[{\"added\": {}}]"}}, {"model": "admin.logentry", "pk": 54, "fields": {"action_time": "2021-04-29T12:29:17.055Z", "user": 1, "content_type": 4, "object_id": "2", "object_repr": "user1", "action_flag": 1, "change_message": "[{\"added\": {}}]"}}, {"model": "admin.logentry", "pk": 55, "fields": {"action_time": "2021-04-29T12:30:43.403Z", "user": 1, "content_type": 4, "object_id": "2", "object_repr": "user1", "action_flag": 2, "change_message": "[{\"changed\": {\"fields\": [\"User permissions\"]}}]"}}, {"model": "admin.logentry", "pk": 56, "fields": {"action_time": "2021-04-29T12:32:21.075Z", "user": 1, "content_type": 4, "object_id": "2", "object_repr": "user1", "action_flag": 2, "change_message": "[{\"changed\": {\"fields\": [\"password\"]}}]"}}, {"model": "admin.logentry", "pk": 57, "fields": {"action_time": "2021-05-04T15:34:22.580Z", "user": 1, "content_type": 14, "object_id": "4", "object_repr": "Answer object (4)", "action_flag": 2, "change_message": "[]"}}, {"model": "admin.logentry", "pk": 58, "fields": {"action_time": "2021-05-04T15:34:28.332Z", "user": 1, "content_type": 14, "object_id": "5", "object_repr": "Answer object (5)", "action_flag": 2, "change_message": "[{\"changed\": {\"fields\": [\"\\u041e\\u0442\\u0432\\u0435\\u0442 \\u0432\\u0435\\u0440\\u0435\\u043d?\"]}}]"}}, {"model": "admin.logentry", "pk": 59, "fields": {"action_time": "2021-05-05T15:09:25.013Z", "user": 1, "content_type": 13, "object_id": "5", "object_repr": "Спам | <p>Спамить плохо?</p>", "action_flag": 1, "change_message": "[{\"added\": {}}]"}}, {"model": "admin.logentry", "pk": 60, "fields": {"action_time": "2021-05-05T15:09:38.763Z", "user": 1, "content_type": 14, "object_id": "10", "object_repr": "Спам | <p>Спамить плохо?</p> | да", "action_flag": 1, "change_message": "[{\"added\": {}}]"}}, {"model": "admin.logentry", "pk": 61, "fields": {"action_time": "2021-05-06T07:25:21.933Z", "user": 1, "content_type": 16, "object_id": "1", "object_repr": "Социальная инженерия | Тест по социальной инженерии", "action_flag": 1, "change_message": "[{\"added\": {}}]"}}, {"model": "admin.logentry", "pk": 62, "fields": {"action_time": "2021-05-06T07:25:39.850Z", "user": 1, "content_type": 16, "object_id": "2", "object_repr": "Спам | Пройти тест по теме спам", "action_flag": 1, "change_message": "[{\"added\": {}}]"}}, {"model": "admin.logentry", "pk": 63, "fields": {"action_time": "2021-05-10T17:34:25.133Z", "user": 1, "content_type": 8, "object_id": "7", "object_repr": "Парольная политика | <p>первая карточка, за ней пойдет демоестационный вариант</p> ...", "action_flag": 3, "change_message": ""}}, {"model": "admin.logentry", "pk": 64, "fields": {"action_time": "2021-05-10T17:34:25.330Z", "user": 1, "content_type": 8, "object_id": "6", "object_repr": "Социальная инженерия | <p>5th page sakjdklasjdlkasjdlksajdlkasjdlsakjdlsakdj</p>\r\n\r\n<p>as;dkjsaldkjaslkdjaslkdjaslkdjaslk</ ...", "action_flag": 3, "change_message": ""}}, {"model": "admin.logentry", "pk": 65, "fields": {"action_time": "2021-05-10T17:34:25.420Z", "user": 1, "content_type": 8, "object_id": "5", "object_repr": "фишинг | <p>лоыфрвлофырвлофырвлоыфлвоыф</p>\r\n\r\n<p>вдфыллодлодло</p>\r\n\r\n<p>фишингоавя карточка</p> ...", "action_flag": 3, "change_message": ""}}, {"model": "admin.logentry", "pk": 66, "fields": {"action_time": "2021-05-10T17:34:25.520Z", "user": 1, "content_type": 8, "object_id": "4", "object_repr": "Парольная политика | <p>фывыфвлыфвдлофыв</p>\r\n\r\n<p>ыфвыфовдыфлвоыфдлвоыф</p>\r\n\r\n<p>вдлыфовдыфлвофыдлвофы</p>\r\n\r\n<p>вдлыфо ...", "action_flag": 3, "change_message": ""}}, {"model": "admin.logentry", "pk": 67, "fields": {"action_time": "2021-05-10T17:34:25.620Z", "user": 1, "content_type": 8, "object_id": "3", "object_repr": "Парольная политика | <p>alskjdlaskjdlkasjdlaks</p>\r\n\r\n<p>lakdjlaskjdlksajdlaskjd</p>\r\n\r\n<p>kjasldkjaslkdjslakdjlkasjda</p ...", "action_flag": 3, "change_message": ""}}, {"model": "admin.logentry", "pk": 68, "fields": {"action_time": "2021-05-10T17:34:25.720Z", "user": 1, "content_type": 8, "object_id": "2", "object_repr": "Социальная инженерия | <p>лорылвофырвлофырвлфыовррррррлооооооооооооооооооооооооооооооооооооофывфыв</p>\r\n\r\n<p>фывфывыфвфывфы ...", "action_flag": 3, "change_message": ""}}, {"model": "admin.logentry", "pk": 69, "fields": {"action_time": "2021-05-10T17:34:25.797Z", "user": 1, "content_type": 8, "object_id": "1", "object_repr": "Социальная инженерия | <p style=\"text-align:justify\">alskjdlkajsldkjasldkjsalkdjsaldkjasldkjsalkdjsalkdjsalkdjlaskjdlsakjdl ...", "action_flag": 3, "change_message": ""}}, {"model": "admin.logentry", "pk": 70, "fields": {"action_time": "2021-05-10T17:34:37.370Z", "user": 1, "content_type": 8, "object_id": "8", "object_repr": "Парольная политика | <p><span style=\"font-size:12pt\"><span style=\"font-family:'Times New Roman'\"><span style=\"color:#0000 ...", "action_flag": 2, "change_message": "[]"}}, {"model": "admin.logentry", "pk": 71, "fields": {"action_time": "2021-05-10T17:37:23.305Z", "user": 1, "content_type": 8, "object_id": "9", "object_repr": "Парольная политика | <p style=\"text-align:justify\"><span style=\"font-size:12pt\"><span style=\"font-family:'Times New Roman ...", "action_flag": 1, "change_message": "[{\"added\": {}}]"}}, {"model": "admin.logentry", "pk": 72, "fields": {"action_time": "2021-05-10T18:14:59.081Z", "user": 1, "content_type": 8, "object_id": "8", "object_repr": "Парольная политика | 2 | <p><span style=\"font-size:12pt\"><span style=\"font-family:'Times New Roman'\"><span style=\"color:#0000 ...", "action_flag": 2, "change_message": "[{\"changed\": {\"fields\": [\"\\u0421\\u043e\\u0434\\u0435\\u0440\\u0436\\u0430\\u043d\\u0438\\u0435 \\u043a\\u0430\\u0440\\u0442\\u043e\\u0447\\u043a\\u0438\"]}}]"}}, {"model": "admin.logentry", "pk": 73, "fields": {"action_time": "2021-05-10T18:16:22.919Z", "user": 1, "content_type": 8, "object_id": "8", "object_repr": "Парольная политика | 2 | <p><span style=\"font-size:12pt\"><span style=\"font-family:'Times New Roman'\"><span style=\"color:#0000 ...", "action_flag": 2, "change_message": "[{\"changed\": {\"fields\": [\"\\u0421\\u043e\\u0434\\u0435\\u0440\\u0436\\u0430\\u043d\\u0438\\u0435 \\u043a\\u0430\\u0440\\u0442\\u043e\\u0447\\u043a\\u0438\"]}}]"}}, {"model": "admin.logentry", "pk": 74, "fields": {"action_time": "2021-05-10T18:24:13.857Z", "user": 1, "content_type": 8, "object_id": "10", "object_repr": "Парольная политика | 3 | <p><span style=\"font-size:12pt\"><span style=\"font-family:'Times New Roman'\"><span style=\"color:#0000 ...", "action_flag": 1, "change_message": "[{\"added\": {}}]"}}, {"model": "admin.logentry", "pk": 75, "fields": {"action_time": "2021-05-11T05:40:15.624Z", "user": 1, "content_type": 8, "object_id": "10", "object_repr": "Парольная политика | 3 | <p><span style=\"font-size:12pt\"><span style=\"font-family:'Times New Roman'\"><span style=\"color:#0000 ...", "action_flag": 2, "change_message": "[]"}}, {"model": "admin.logentry", "pk": 76, "fields": {"action_time": "2021-05-11T05:45:51.149Z", "user": 1, "content_type": 8, "object_id": "11", "object_repr": "Парольная политика | 4 | <p><span style=\"font-size:12pt\"><span style=\"font-family:'Times New Roman'\"><span style=\"color:#0000 ...", "action_flag": 1, "change_message": "[{\"added\": {}}]"}}, {"model": "admin.logentry", "pk": 77, "fields": {"action_time": "2021-05-11T07:18:14.700Z", "user": 1, "content_type": 8, "object_id": "12", "object_repr": "Парольная политика | 5 | <p><span style=\"font-size:12pt\"><span style=\"font-family:'Times New Roman'\"><span style=\"color:#0000 ...", "action_flag": 1, "change_message": "[{\"added\": {}}]"}}, {"model": "admin.logentry", "pk": 78, "fields": {"action_time": "2021-05-11T07:38:24.951Z", "user": 1, "content_type": 8, "object_id": "13", "object_repr": "Социальная инженерия | 1 | <p style=\"text-align:justify\"><span style=\"font-size:12pt\"><span style=\"font-family:'Times New Roman ...", "action_flag": 1, "change_message": "[{\"added\": {}}]"}}, {"model": "admin.logentry", "pk": 79, "fields": {"action_time": "2021-05-11T08:19:55.254Z", "user": 1, "content_type": 8, "object_id": "14", "object_repr": "Социальная инженерия | 1 | <p><span style=\"font-size:12pt\"><span style=\"font-family:'Times New Roman'\"><span style=\"color:#0000 ...", "action_flag": 1, "change_message": "[{\"added\": {}}]"}}, {"model": "admin.logentry", "pk": 80, "fields": {"action_time": "2021-05-11T08:23:05.288Z", "user": 1, "content_type": 8, "object_id": "14", "object_repr": "Социальная инженерия | 2 | <p><span style=\"font-size:12pt\"><span style=\"font-family:'Times New Roman'\"><span style=\"color:#0000 ...", "action_flag": 2, "change_message": "[{\"changed\": {\"fields\": [\"\\u0421\\u043e\\u0434\\u0435\\u0440\\u0436\\u0430\\u043d\\u0438\\u0435 \\u043a\\u0430\\u0440\\u0442\\u043e\\u0447\\u043a\\u0438\", \"\\u041f\\u043e\\u0440\\u044f\\u0434\\u043a\\u043e\\u0432\\u044b\\u0439 \\u043d\\u043e\\u043c\\u0435\\u0440 \\u043a\\u0430\\u0440\\u0442\\u043e\\u0447\\u043a\\u0438\", \"\\u041e\\u0431\\u043e\\u0437\\u043d\\u0430\\u0447\\u0435\\u043d\\u0438\\u0435 \\u043a\\u0430\\u0440\\u0442\\u043e\\u0447\\u043a\\u0438 \\u043f\\u0440\\u0438 \\u043f\\u0430\\u0433\\u0438\\u043d\\u0430\\u0446\\u0438\\u0438\"]}}]"}}, {"model": "admin.logentry", "pk": 81, "fields": {"action_time": "2021-05-11T08:35:20.412Z", "user": 1, "content_type": 8, "object_id": "14", "object_repr": "Социальная инженерия | 2 | <p><span style=\"font-size:12pt\"><span style=\"font-family:'Times New Roman'\"><span style=\"color:#0000 ...", "action_flag": 2, "change_message": "[{\"changed\": {\"fields\": [\"\\u0421\\u043e\\u0434\\u0435\\u0440\\u0436\\u0430\\u043d\\u0438\\u0435 \\u043a\\u0430\\u0440\\u0442\\u043e\\u0447\\u043a\\u0438\"]}}]"}}, {"model": "admin.logentry", "pk": 82, "fields": {"action_time": "2021-05-11T08:37:13.892Z", "user": 1, "content_type": 8, "object_id": "14", "object_repr": "Социальная инженерия | 2 | <p><span style=\"font-size:12pt\"><span style=\"font-family:'Times New Roman'\"><span style=\"color:#0000 ...", "action_flag": 2, "change_message": "[{\"changed\": {\"fields\": [\"\\u0421\\u043e\\u0434\\u0435\\u0440\\u0436\\u0430\\u043d\\u0438\\u0435 \\u043a\\u0430\\u0440\\u0442\\u043e\\u0447\\u043a\\u0438\"]}}]"}}, {"model": "admin.logentry", "pk": 83, "fields": {"action_time": "2021-05-11T08:40:52.212Z", "user": 1, "content_type": 8, "object_id": "14", "object_repr": "Социальная инженерия | 2 | <p><span style=\"font-size:12pt\"><span style=\"font-family:'Times New Roman'\"><span style=\"color:#0000 ...", "action_flag": 2, "change_message": "[{\"changed\": {\"fields\": [\"\\u0421\\u043e\\u0434\\u0435\\u0440\\u0436\\u0430\\u043d\\u0438\\u0435 \\u043a\\u0430\\u0440\\u0442\\u043e\\u0447\\u043a\\u0438\"]}}]"}}, {"model": "admin.logentry", "pk": 84, "fields": {"action_time": "2021-05-11T08:45:23.591Z", "user": 1, "content_type": 8, "object_id": "15", "object_repr": "Социальная инженерия | 3 | <p><span style=\"font-size:12pt\"><span style=\"font-family:'Times New Roman'\"><span style=\"color:#0000 ...", "action_flag": 1, "change_message": "[{\"added\": {}}]"}}, {"model": "admin.logentry", "pk": 85, "fields": {"action_time": "2021-05-11T08:47:08.643Z", "user": 1, "content_type": 8, "object_id": "14", "object_repr": "Социальная инженерия | 2 | <p style=\"text-align:center\"><span style=\"font-size:12pt\"><span style=\"font-family:'Times New Roman' ...", "action_flag": 2, "change_message": "[{\"changed\": {\"fields\": [\"\\u0421\\u043e\\u0434\\u0435\\u0440\\u0436\\u0430\\u043d\\u0438\\u0435 \\u043a\\u0430\\u0440\\u0442\\u043e\\u0447\\u043a\\u0438\"]}}]"}}, {"model": "admin.logentry", "pk": 86, "fields": {"action_time": "2021-05-11T08:52:36.583Z", "user": 1, "content_type": 8, "object_id": "16", "object_repr": "Социальная инженерия | 4 | <h3 style=\"text-align:center\"><span style=\"font-size:13.999999999999998pt\"><span style=\"font-family: ...", "action_flag": 1, "change_message": "[{\"added\": {}}]"}}, {"model": "admin.logentry", "pk": 87, "fields": {"action_time": "2021-05-11T08:58:36.128Z", "user": 1, "content_type": 8, "object_id": "17", "object_repr": "Социальная инженерия | 5 | <h3 style=\"text-align:center\"><span style=\"font-size:13.999999999999998pt\"><span style=\"font-family: ...", "action_flag": 1, "change_message": "[{\"added\": {}}]"}}, {"model": "admin.logentry", "pk": 88, "fields": {"action_time": "2021-05-11T09:18:39.766Z", "user": 1, "content_type": 8, "object_id": "18", "object_repr": "Социальная инженерия | 6 | <p><span style=\"font-size:12pt\"><span style=\"font-family:'Times New Roman'\"><span style=\"color:#0000 ...", "action_flag": 1, "change_message": "[{\"added\": {}}]"}}, {"model": "admin.logentry", "pk": 89, "fields": {"action_time": "2021-05-11T09:19:15.104Z", "user": 1, "content_type": 8, "object_id": "19", "object_repr": "Социальная инженерия | 7 | <p><span style=\"font-size:12pt\"><span style=\"font-family:'Times New Roman'\"><span style=\"color:#0000 ...", "action_flag": 1, "change_message": "[{\"added\": {}}]"}}, {"model": "admin.logentry", "pk": 90, "fields": {"action_time": "2021-05-11T09:20:36.813Z", "user": 1, "content_type": 8, "object_id": "20", "object_repr": "Социальная инженерия | 8 | <h3 style=\"text-align:center\"><span style=\"font-size:13.999999999999998pt\"><span style=\"font-family: ...", "action_flag": 1, "change_message": "[{\"added\": {}}]"}}, {"model": "admin.logentry", "pk": 91, "fields": {"action_time": "2021-05-11T15:18:36.410Z", "user": 1, "content_type": 8, "object_id": "21", "object_repr": "фишинг | 1 | <p><span style=\"font-size:12pt\"><span style=\"font-family:'Times New Roman'\"><span style=\"color:#0000 ...", "action_flag": 1, "change_message": "[{\"added\": {}}]"}}, {"model": "admin.logentry", "pk": 92, "fields": {"action_time": "2021-05-11T16:35:08.818Z", "user": 1, "content_type": 8, "object_id": "22", "object_repr": "фишинг | 2 | <p><span style=\"font-size:12pt\"><span style=\"font-family:'Times New Roman'\"><span style=\"color:#0000 ...", "action_flag": 1, "change_message": "[{\"added\": {}}]"}}, {"model": "admin.logentry", "pk": 93, "fields": {"action_time": "2021-05-11T16:54:58.553Z", "user": 1, "content_type": 8, "object_id": "23", "object_repr": "фишинг | 3 | <p><span style=\"font-size:12pt\"><span style=\"font-family:'Times New Roman'\"><span style=\"color:#0000 ...", "action_flag": 1, "change_message": "[{\"added\": {}}]"}}, {"model": "admin.logentry", "pk": 94, "fields": {"action_time": "2021-05-12T08:40:35.041Z", "user": 1, "content_type": 8, "object_id": "24", "object_repr": "фишинг | 4 | <p><span style=\"font-size:12pt\"><span style=\"font-family:'Times New Roman'\"><span style=\"color:#0000 ...", "action_flag": 1, "change_message": "[{\"added\": {}}]"}}, {"model": "admin.logentry", "pk": 95, "fields": {"action_time": "2021-05-12T08:42:40.117Z", "user": 1, "content_type": 8, "object_id": "24", "object_repr": "фишинг | 4 | <p><span style=\"font-size:12pt\"><span style=\"font-family:'Times New Roman'\"><span style=\"color:#0000 ...", "action_flag": 2, "change_message": "[{\"changed\": {\"fields\": [\"\\u0421\\u043e\\u0434\\u0435\\u0440\\u0436\\u0430\\u043d\\u0438\\u0435 \\u043a\\u0430\\u0440\\u0442\\u043e\\u0447\\u043a\\u0438\"]}}]"}}, {"model": "admin.logentry", "pk": 96, "fields": {"action_time": "2021-05-12T08:52:21.213Z", "user": 1, "content_type": 8, "object_id": "25", "object_repr": "Спам | 1 | <p><span style=\"font-size:12pt\"><span style=\"font-family:'Times New Roman'\"><span style=\"color:#0000 ...", "action_flag": 1, "change_message": "[{\"added\": {}}]"}}, {"model": "admin.logentry", "pk": 97, "fields": {"action_time": "2021-05-12T08:52:46.508Z", "user": 1, "content_type": 8, "object_id": "26", "object_repr": "Спам | 2 | <p><span style=\"font-size:12pt\"><span style=\"font-family:'Times New Roman'\"><span style=\"color:#0000 ...", "action_flag": 1, "change_message": "[{\"added\": {}}]"}}, {"model": "admin.logentry", "pk": 98, "fields": {"action_time": "2021-05-12T08:53:14.882Z", "user": 1, "content_type": 8, "object_id": "26", "object_repr": "Спам | 2 | <p><span style=\"font-size:12pt\"><span style=\"font-family:'Times New Roman'\"><span style=\"color:#0000 ...", "action_flag": 2, "change_message": "[{\"changed\": {\"fields\": [\"\\u0421\\u043e\\u0434\\u0435\\u0440\\u0436\\u0430\\u043d\\u0438\\u0435 \\u043a\\u0430\\u0440\\u0442\\u043e\\u0447\\u043a\\u0438\"]}}]"}}, {"model": "admin.logentry", "pk": 99, "fields": {"action_time": "2021-05-12T08:57:04.516Z", "user": 1, "content_type": 8, "object_id": "25", "object_repr": "Спам | 1 | <p><span style=\"font-size:12pt\"><span style=\"font-family:'Times New Roman'\"><span style=\"color:#0000 ...", "action_flag": 2, "change_message": "[{\"changed\": {\"fields\": [\"\\u0421\\u043e\\u0434\\u0435\\u0440\\u0436\\u0430\\u043d\\u0438\\u0435 \\u043a\\u0430\\u0440\\u0442\\u043e\\u0447\\u043a\\u0438\"]}}]"}}, {"model": "admin.logentry", "pk": 100, "fields": {"action_time": "2021-05-12T08:57:37.658Z", "user": 1, "content_type": 8, "object_id": "26", "object_repr": "Спам | 2 | <p><span style=\"font-size:12pt\"><span style=\"font-family:'Times New Roman'\"><span style=\"color:#0000 ...", "action_flag": 2, "change_message": "[]"}}, {"model": "admin.logentry", "pk": 101, "fields": {"action_time": "2021-05-13T07:53:03.805Z", "user": 1, "content_type": 13, "object_id": "5", "object_repr": "Спам | <p>Спамить плохо?</p>", "action_flag": 3, "change_message": ""}}, {"model": "admin.logentry", "pk": 102, "fields": {"action_time": "2021-05-13T07:53:04.051Z", "user": 1, "content_type": 13, "object_id": "3", "object_repr": "Социальная инженерия | <p>2*2= ?</p>", "action_flag": 3, "change_message": ""}}, {"model": "admin.logentry", "pk": 103, "fields": {"action_time": "2021-05-13T07:53:04.162Z", "user": 1, "content_type": 13, "object_id": "2", "object_repr": "Социальная инженерия | <p>Вопрос 2: Зачем</p>", "action_flag": 3, "change_message": ""}}, {"model": "admin.logentry", "pk": 104, "fields": {"action_time": "2021-05-13T07:53:04.251Z", "user": 1, "content_type": 13, "object_id": "1", "object_repr": "Социальная инженерия | <p>Вопрос № 1 : КААААААААААААААК</p>", "action_flag": 3, "change_message": ""}}, {"model": "admin.logentry", "pk": 105, "fields": {"action_time": "2021-05-13T07:53:18.513Z", "user": 1, "content_type": 13, "object_id": "4", "object_repr": "фишинг | <p><img alt=\"\" class=\"img-content-card\" src=\"/media/ck_editor_files/2021/04/26/realvk.png\" style=\"height:914px; width:1608px\" /></p>\r\n\r\n<p>&nbsp;</p>\r\n\r\n<p>Является ли данная страница сайта v", "action_flag": 2, "change_message": "[{\"changed\": {\"fields\": [\"\\u0422\\u0435\\u043c\\u0430\"]}}]"}}, {"model": "admin.logentry", "pk": 106, "fields": {"action_time": "2021-05-13T08:02:33.414Z", "user": 1, "content_type": 13, "object_id": "6", "object_repr": "Парольная политика | <p>Какие из следующих паролей являются плохими?</p>", "action_flag": 1, "change_message": "[{\"added\": {}}]"}}, {"model": "admin.logentry", "pk": 107, "fields": {"action_time": "2021-05-13T08:03:59.196Z", "user": 1, "content_type": 14, "object_id": "11", "object_repr": "Парольная политика | <p>Какие из следующих паролей являются плохими?</p> || Den4e9_1999", "action_flag": 1, "change_message": "[{\"added\": {}}]"}}, {"model": "admin.logentry", "pk": 108, "fields": {"action_time": "2021-05-13T08:05:21.153Z", "user": 1, "content_type": 14, "object_id": "12", "object_repr": "Парольная политика | <p>Какие из следующих паролей являются плохими?</p> || 123-qwe-asd-zxc", "action_flag": 1, "change_message": "[{\"added\": {}}]"}}, {"model": "admin.logentry", "pk": 109, "fields": {"action_time": "2021-05-13T08:06:18.879Z", "user": 1, "content_type": 14, "object_id": "13", "object_repr": "Парольная политика | <p>Какие из следующих паролей являются плохими?</p> || rPlMb5q/bcz50=", "action_flag": 1, "change_message": "[{\"added\": {}}]"}}, {"model": "admin.logentry", "pk": 110, "fields": {"action_time": "2021-05-13T08:09:56.505Z", "user": 1, "content_type": 14, "object_id": "14", "object_repr": "Парольная политика | <p>Какие из следующих паролей являются плохими?</p> || g00gle-mb|L021", "action_flag": 1, "change_message": "[{\"added\": {}}]"}}, {"model": "admin.logentry", "pk": 111, "fields": {"action_time": "2021-05-13T08:10:23.864Z", "user": 1, "content_type": 13, "object_id": "6", "object_repr": "Парольная политика | <p>Какие из следующих паролей являются недостаточно сильными?</p>", "action_flag": 2, "change_message": "[{\"changed\": {\"fields\": [\"\\u0421\\u043e\\u0434\\u0435\\u0440\\u0436\\u0430\\u043d\\u0438\\u0435 \\u0432\\u043e\\u043f\\u0440\\u043e\\u0441\\u0430\"]}}]"}}, {"model": "admin.logentry", "pk": 112, "fields": {"action_time": "2021-05-13T08:14:25.081Z", "user": 1, "content_type": 13, "object_id": "7", "object_repr": "Парольная политика | <p>Каким способом можно получить наиболее оптимальный пароль?</p>", "action_flag": 1, "change_message": "[{\"added\": {}}]"}}, {"model": "admin.logentry", "pk": 113, "fields": {"action_time": "2021-05-13T08:15:09.231Z", "user": 1, "content_type": 14, "object_id": "15", "object_repr": "Парольная политика | <p>Каким способом можно получить наиболее оптимальный пароль?</p> || Сгенерировать его криптостойким генератором", "action_flag": 1, "change_message": "[{\"added\": {}}]"}}, {"model": "admin.logentry", "pk": 114, "fields": {"action_time": "2021-05-13T08:15:15.608Z", "user": 1, "content_type": 14, "object_id": "15", "object_repr": "Парольная политика | <p>Каким способом можно получить наиболее оптимальный пароль?</p> || Сгенерировать его криптостойким генератором", "action_flag": 2, "change_message": "[]"}}, {"model": "admin.logentry", "pk": 115, "fields": {"action_time": "2021-05-13T08:15:53.071Z", "user": 1, "content_type": 14, "object_id": "16", "object_repr": "Парольная политика | <p>Каким способом можно получить наиболее оптимальный пароль?</p> || Использовать мнемонические техники для создания и запоминания", "action_flag": 1, "change_message": "[{\"added\": {}}]"}}, {"model": "admin.logentry", "pk": 116, "fields": {"action_time": "2021-05-13T08:16:32.510Z", "user": 1, "content_type": 14, "object_id": "17", "object_repr": "Парольная политика | <p>Каким способом можно получить наиболее оптимальный пароль?</p> || Создать пароль из расположенных рядом символов", "action_flag": 1, "change_message": "[{\"added\": {}}]"}}, {"model": "admin.logentry", "pk": 117, "fields": {"action_time": "2021-05-13T08:20:58.023Z", "user": 1, "content_type": 13, "object_id": "8", "object_repr": "Парольная политика | <p>Необходимо ли часто (раз в 2-6 месяцев) менять пароли?</p>", "action_flag": 1, "change_message": "[{\"added\": {}}]"}}, {"model": "admin.logentry", "pk": 118, "fields": {"action_time": "2021-05-13T08:21:11.838Z", "user": 1, "content_type": 14, "object_id": "18", "object_repr": "Парольная политика | <p>Необходимо ли часто (раз в 2-6 месяцев) менять пароли?</p> || Да", "action_flag": 1, "change_message": "[{\"added\": {}}]"}}, {"model": "admin.logentry", "pk": 119, "fields": {"action_time": "2021-05-13T08:21:28.671Z", "user": 1, "content_type": 14, "object_id": "19", "object_repr": "Парольная политика | <p>Необходимо ли часто (раз в 2-6 месяцев) менять пароли?</p> || Нет", "action_flag": 1, "change_message": "[{\"added\": {}}]"}}, {"model": "admin.logentry", "pk": 120, "fields": {"action_time": "2021-05-13T08:22:20.144Z", "user": 1, "content_type": 14, "object_id": "20", "object_repr": "Парольная политика | <p>Необходимо ли часто (раз в 2-6 месяцев) менять пароли?</p> || Нет, если это не противоречит каким-либо требованиям лицензирования", "action_flag": 1, "change_message": "[{\"added\": {}}]"}}, {"model": "admin.logentry", "pk": 121, "fields": {"action_time": "2021-05-13T08:26:09.689Z", "user": 1, "content_type": 13, "object_id": "9", "object_repr": "Парольная политика | <p>Что можно использовать для упрощения обращения с паролями?</p>", "action_flag": 1, "change_message": "[{\"added\": {}}]"}}, {"model": "admin.logentry", "pk": 122, "fields": {"action_time": "2021-05-13T08:26:30.632Z", "user": 1, "content_type": 14, "object_id": "21", "object_repr": "Парольная политика | <p>Что можно использовать для упрощения обращения с паролями?</p> || Парольный менеджер", "action_flag": 1, "change_message": "[{\"added\": {}}]"}}, {"model": "admin.logentry", "pk": 123, "fields": {"action_time": "2021-05-13T08:27:03.817Z", "user": 1, "content_type": 14, "object_id": "22", "object_repr": "Парольная политика | <p>Что можно использовать для упрощения обращения с паролями?</p> || Один пароль для всех сервисов", "action_flag": 1, "change_message": "[{\"added\": {}}]"}}, {"model": "admin.logentry", "pk": 124, "fields": {"action_time": "2021-05-13T08:27:55.412Z", "user": 1, "content_type": 14, "object_id": "23", "object_repr": "Парольная политика | <p>Что можно использовать для упрощения обращения с паролями?</p> || OpenVPN", "action_flag": 1, "change_message": "[{\"added\": {}}]"}}, {"model": "admin.logentry", "pk": 125, "fields": {"action_time": "2021-05-13T08:28:21.961Z", "user": 1, "content_type": 14, "object_id": "24", "object_repr": "Парольная политика | <p>Что можно использовать для упрощения обращения с паролями?</p> || OpenID, OpenAuth", "action_flag": 1, "change_message": "[{\"added\": {}}]"}}, {"model": "admin.logentry", "pk": 126, "fields": {"action_time": "2021-05-13T08:32:51.861Z", "user": 1, "content_type": 13, "object_id": "10", "object_repr": "Парольная политика | <p>Можно ли использовать один пароль для нескольких сервисов?</p>", "action_flag": 1, "change_message": "[{\"added\": {}}]"}}, {"model": "admin.logentry", "pk": 127, "fields": {"action_time": "2021-05-13T08:33:01.180Z", "user": 1, "content_type": 14, "object_id": "25", "object_repr": "Парольная политика | <p>Можно ли использовать один пароль для нескольких сервисов?</p> || Да", "action_flag": 1, "change_message": "[{\"added\": {}}]"}}, {"model": "admin.logentry", "pk": 128, "fields": {"action_time": "2021-05-13T08:33:10.043Z", "user": 1, "content_type": 14, "object_id": "26", "object_repr": "Парольная политика | <p>Можно ли использовать один пароль для нескольких сервисов?</p> || Нет", "action_flag": 1, "change_message": "[{\"added\": {}}]"}}, {"model": "admin.logentry", "pk": 129, "fields": {"action_time": "2021-05-13T08:33:39.697Z", "user": 1, "content_type": 14, "object_id": "27", "object_repr": "Парольная политика | <p>Можно ли использовать один пароль для нескольких сервисов?</p> || Да, если он очень \"сильный\"", "action_flag": 1, "change_message": "[{\"added\": {}}]"}}, {"model": "admin.logentry", "pk": 130, "fields": {"action_time": "2021-05-13T08:34:34.521Z", "user": 1, "content_type": 14, "object_id": "28", "object_repr": "Парольная политика | <p>Можно ли использовать один пароль для нескольких сервисов?</p> || Да, если важность этих сервисов для вас не критична, а их ценность мала", "action_flag": 1, "change_message": "[{\"added\": {}}]"}}, {"model": "admin.logentry", "pk": 131, "fields": {"action_time": "2021-05-13T08:36:54.551Z", "user": 1, "content_type": 16, "object_id": "3", "object_repr": "Парольная политика | Пройти тест по теме парольная политика", "action_flag": 1, "change_message": "[{\"added\": {}}]"}}, {"model": "admin.logentry", "pk": 132, "fields": {"action_time": "2021-05-13T08:41:29.272Z", "user": 1, "content_type": 13, "object_id": "11", "object_repr": "Социальная инженерия | <p>Что такое социальная инженерия?</p>", "action_flag": 1, "change_message": "[{\"added\": {}}]"}}, {"model": "admin.logentry", "pk": 133, "fields": {"action_time": "2021-05-13T08:42:20.059Z", "user": 1, "content_type": 14, "object_id": "29", "object_repr": "Социальная инженерия | <p>Что такое социальная инженерия?</p> || Наука о проектировании городской среды для комфортного проживания социума", "action_flag": 1, "change_message": "[{\"added\": {}}]"}}, {"model": "admin.logentry", "pk": 134, "fields": {"action_time": "2021-05-13T08:43:06.487Z", "user": 1, "content_type": 14, "object_id": "30", "object_repr": "Социальная инженерия | <p>Что такое социальная инженерия?</p> || Наука о человеческом поведении, и том как на него влиять", "action_flag": 1, "change_message": "[{\"added\": {}}]"}}, {"model": "admin.logentry", "pk": 135, "fields": {"action_time": "2021-05-13T08:43:49.067Z", "user": 1, "content_type": 14, "object_id": "31", "object_repr": "Социальная инженерия | <p>Что такое социальная инженерия?</p> || Наука о создании идеального общества", "action_flag": 1, "change_message": "[{\"added\": {}}]"}}, {"model": "admin.logentry", "pk": 136, "fields": {"action_time": "2021-05-13T08:45:22.434Z", "user": 1, "content_type": 13, "object_id": "12", "object_repr": "Социальная инженерия | <p>Вам позвонил с известного вам номера незнакомый человек и сообщил о некоторой проблеме, а также попросил вас кое о чем для ее решения. Что вы сделаете?</p>", "action_flag": 1, "change_message": "[{\"added\": {}}]"}}, {"model": "admin.logentry", "pk": 137, "fields": {"action_time": "2021-05-13T08:46:10.484Z", "user": 1, "content_type": 14, "object_id": "32", "object_repr": "Социальная инженерия | <p>Вам позвонил с известного вам номера незнакомый человек и сообщил о некоторой проблеме, а также попросил вас кое о чем для ее решения. Что вы сделаете?</p> || Сделаю то, что ", "action_flag": 1, "change_message": "[{\"added\": {}}]"}}, {"model": "admin.logentry", "pk": 138, "fields": {"action_time": "2021-05-13T08:50:27.090Z", "user": 1, "content_type": 14, "object_id": "33", "object_repr": "Социальная инженерия | <p>Вам позвонил с известного вам номера незнакомый человек и сообщил о некоторой проблеме, а также попросил вас кое о чем для ее решения. Что вы сделаете?</p> || Прежде чем что-", "action_flag": 1, "change_message": "[{\"added\": {}}]"}}, {"model": "admin.logentry", "pk": 139, "fields": {"action_time": "2021-05-13T08:51:01.381Z", "user": 1, "content_type": 14, "object_id": "34", "object_repr": "Социальная инженерия | <p>Вам позвонил с известного вам номера незнакомый человек и сообщил о некоторой проблеме, а также попросил вас кое о чем для ее решения. Что вы сделаете?</p> || Прежде чем что-", "action_flag": 1, "change_message": "[{\"added\": {}}]"}}, {"model": "admin.logentry", "pk": 140, "fields": {"action_time": "2021-05-13T08:51:55.722Z", "user": 1, "content_type": 14, "object_id": "35", "object_repr": "Социальная инженерия | <p>Вам позвонил с известного вам номера незнакомый человек и сообщил о некоторой проблеме, а также попросил вас кое о чем для ее решения. Что вы сделаете?</p> || Нет, вообще нич", "action_flag": 1, "change_message": "[{\"added\": {}}]"}}, {"model": "admin.logentry", "pk": 141, "fields": {"action_time": "2021-05-13T09:01:50.613Z", "user": 1, "content_type": 13, "object_id": "13", "object_repr": "Социальная инженерия | <p>Вы решили поработать с конфиденциальной информацией. Что вы будете при этом делать?</p>", "action_flag": 1, "change_message": "[{\"added\": {}}]"}}, {"model": "admin.logentry", "pk": 142, "fields": {"action_time": "2021-05-13T09:02:08.171Z", "user": 1, "content_type": 14, "object_id": "36", "object_repr": "Социальная инженерия | <p>Вы решили поработать с конфиденциальной информацией. Что вы будете при этом делать?</p> || Просто работать", "action_flag": 1, "change_message": "[{\"added\": {}}]"}}, {"model": "admin.logentry", "pk": 143, "fields": {"action_time": "2021-05-13T09:03:37.549Z", "user": 1, "content_type": 14, "object_id": "37", "object_repr": "Социальная инженерия | <p>Вы решили поработать с конфиденциальной информацией. Что вы будете при этом делать?</p> || Прежде чем начать работать сяду так, чтобы не было видно мою инфомацию", "action_flag": 1, "change_message": "[{\"added\": {}}]"}}, {"model": "admin.logentry", "pk": 144, "fields": {"action_time": "2021-05-13T09:04:27.748Z", "user": 1, "content_type": 14, "object_id": "38", "object_repr": "Социальная инженерия | <p>Вы решили поработать с конфиденциальной информацией. Что вы будете при этом делать?</p> || Прежде чем начать работать сяду так, чтобы не было видно мою инфомацию и периодичес", "action_flag": 1, "change_message": "[{\"added\": {}}]"}}, {"model": "admin.logentry", "pk": 145, "fields": {"action_time": "2021-05-13T09:07:24.517Z", "user": 1, "content_type": 14, "object_id": "39", "object_repr": "Социальная инженерия | <p>Вы решили поработать с конфиденциальной информацией. Что вы будете при этом делать?</p> || Прежде чем При работе буду периодически контролировать не могут ли подсмотреть нахо", "action_flag": 1, "change_message": "[{\"added\": {}}]"}}, {"model": "admin.logentry", "pk": 146, "fields": {"action_time": "2021-05-13T09:08:05.457Z", "user": 1, "content_type": 13, "object_id": "14", "object_repr": "Социальная инженерия | <p>Вы нашли неизвестную флешку. Что вы будете делать?</p>", "action_flag": 1, "change_message": "[{\"added\": {}}]"}}, {"model": "admin.logentry", "pk": 147, "fields": {"action_time": "2021-05-13T09:09:04.975Z", "user": 1, "content_type": 14, "object_id": "40", "object_repr": "Социальная инженерия | <p>Вы нашли неизвестную флешку. Что вы будете делать?</p> || Вставлю ее в свой рабочий компьтер, чтобы посмотреть что на ней", "action_flag": 1, "change_message": "[{\"added\": {}}]"}}, {"model": "admin.logentry", "pk": 148, "fields": {"action_time": "2021-05-13T09:09:58.651Z", "user": 1, "content_type": 14, "object_id": "41", "object_repr": "Социальная инженерия | <p>Вы нашли неизвестную флешку. Что вы будете делать?</p> || Вставлю ее в компьютер соседа", "action_flag": 1, "change_message": "[{\"added\": {}}]"}}, {"model": "admin.logentry", "pk": 149, "fields": {"action_time": "2021-05-13T09:11:27.410Z", "user": 1, "content_type": 14, "object_id": "42", "object_repr": "Социальная инженерия | <p>Вы нашли неизвестную флешку. Что вы будете делать?</p> || Вставлю ее в не важное устройство изолированное от компьютерной сети", "action_flag": 1, "change_message": "[{\"added\": {}}]"}}, {"model": "admin.logentry", "pk": 150, "fields": {"action_time": "2021-05-13T09:11:58.914Z", "user": 1, "content_type": 14, "object_id": "43", "object_repr": "Социальная инженерия | <p>Вы нашли неизвестную флешку. Что вы будете делать?</p> || Не буду ее никуда вставлять", "action_flag": 1, "change_message": "[{\"added\": {}}]"}}, {"model": "admin.logentry", "pk": 151, "fields": {"action_time": "2021-05-13T09:13:05.350Z", "user": 1, "content_type": 13, "object_id": "15", "object_repr": "Социальная инженерия | <p>Какие методы может использовать злоумышленник чтобы заставить вас что-то сделать?</p>", "action_flag": 1, "change_message": "[{\"added\": {}}]"}}, {"model": "admin.logentry", "pk": 152, "fields": {"action_time": "2021-05-13T09:14:09.531Z", "user": 1, "content_type": 14, "object_id": "44", "object_repr": "Социальная инженерия | <p>Какие методы может использовать злоумышленник чтобы заставить вас что-то сделать?</p> || Говорить о возможных серьезных последствиях", "action_flag": 1, "change_message": "[{\"added\": {}}]"}}, {"model": "admin.logentry", "pk": 153, "fields": {"action_time": "2021-05-13T09:15:09.866Z", "user": 1, "content_type": 14, "object_id": "45", "object_repr": "Социальная инженерия | <p>Какие методы может использовать злоумышленник чтобы заставить вас что-то сделать?</p> || Упоминать отрывочную информацию о вас чтобы убедить что этот человек тот, за кого он ", "action_flag": 1, "change_message": "[{\"added\": {}}]"}}, {"model": "admin.logentry", "pk": 154, "fields": {"action_time": "2021-05-13T09:18:49.811Z", "user": 1, "content_type": 14, "object_id": "46", "object_repr": "Социальная инженерия | <p>Какие методы может использовать злоумышленник чтобы заставить вас что-то сделать?</p> || Подгонять вас тем, что времени на раздумия нет", "action_flag": 1, "change_message": "[{\"added\": {}}]"}}, {"model": "admin.logentry", "pk": 155, "fields": {"action_time": "2021-05-13T09:33:09.959Z", "user": 1, "content_type": 14, "object_id": "47", "object_repr": "Социальная инженерия | <p>Какие методы может использовать злоумышленник чтобы заставить вас что-то сделать?</p> || Подгонять вас тем, что у вас все равно не получится проверить", "action_flag": 1, "change_message": "[{\"added\": {}}]"}}, {"model": "admin.logentry", "pk": 156, "fields": {"action_time": "2021-05-13T09:39:05.219Z", "user": 1, "content_type": 13, "object_id": "14", "object_repr": "Социальная инженерия | <p>Вы нашли неизвестную флешку. Что вы можете делать?</p>", "action_flag": 2, "change_message": "[{\"changed\": {\"fields\": [\"\\u0421\\u043e\\u0434\\u0435\\u0440\\u0436\\u0430\\u043d\\u0438\\u0435 \\u0432\\u043e\\u043f\\u0440\\u043e\\u0441\\u0430\"]}}]"}}, {"model": "admin.logentry", "pk": 157, "fields": {"action_time": "2021-05-13T13:55:15.356Z", "user": 1, "content_type": 13, "object_id": "16", "object_repr": "фишинг | <p>Что является признаками фишингового письма</p>", "action_flag": 1, "change_message": "[{\"added\": {}}]"}}, {"model": "admin.logentry", "pk": 158, "fields": {"action_time": "2021-05-13T14:10:45.466Z", "user": 1, "content_type": 13, "object_id": "16", "object_repr": "фишинг | <p>На что нужно обратить внимание, чтобы понять является ли письмо фишинговым?</p>", "action_flag": 2, "change_message": "[{\"changed\": {\"fields\": [\"\\u0421\\u043e\\u0434\\u0435\\u0440\\u0436\\u0430\\u043d\\u0438\\u0435 \\u0432\\u043e\\u043f\\u0440\\u043e\\u0441\\u0430\"]}}]"}}, {"model": "admin.logentry", "pk": 159, "fields": {"action_time": "2021-05-13T14:11:27.537Z", "user": 1, "content_type": 14, "object_id": "48", "object_repr": "фишинг | <p>На что нужно обратить внимание, чтобы понять является ли письмо фишинговым?</p> || Адрес отправителя", "action_flag": 1, "change_message": "[{\"added\": {}}]"}}, {"model": "admin.logentry", "pk": 160, "fields": {"action_time": "2021-05-13T14:22:44.502Z", "user": 1, "content_type": 14, "object_id": "49", "object_repr": "фишинг | <p>На что нужно обратить внимание, чтобы понять является ли письмо фишинговым?</p> || Кем представляется отправитель письма", "action_flag": 1, "change_message": "[{\"added\": {}}]"}}, {"model": "admin.logentry", "pk": 161, "fields": {"action_time": "2021-05-13T14:23:29.312Z", "user": 1, "content_type": 14, "object_id": "50", "object_repr": "фишинг | <p>На что нужно обратить внимание, чтобы понять является ли письмо фишинговым?</p> || На то куда ведет ссылка", "action_flag": 1, "change_message": "[{\"added\": {}}]"}}, {"model": "admin.logentry", "pk": 162, "fields": {"action_time": "2021-05-13T14:28:48.118Z", "user": 1, "content_type": 14, "object_id": "51", "object_repr": "фишинг | <p>На что нужно обратить внимание, чтобы понять является ли письмо фишинговым?</p> || Запугивает ли или торопит вас текстовая часть письма", "action_flag": 1, "change_message": "[{\"added\": {}}]"}}, {"model": "admin.logentry", "pk": 163, "fields": {"action_time": "2021-05-13T14:30:43.776Z", "user": 1, "content_type": 13, "object_id": "17", "object_repr": "фишинг | <p>Как обезопасить свою аутентификационную информацию (пароли и т.д.) при работе в сети интернет?</p>", "action_flag": 1, "change_message": "[{\"added\": {}}]"}}, {"model": "admin.logentry", "pk": 164, "fields": {"action_time": "2021-05-13T14:31:18.308Z", "user": 1, "content_type": 14, "object_id": "52", "object_repr": "фишинг | <p>Как обезопасить свою аутентификационную информацию (пароли и т.д.) при работе в сети интернет?</p> || Проверять адрес сайта на котором вы вводите свои данные", "action_flag": 1, "change_message": "[{\"added\": {}}]"}}, {"model": "admin.logentry", "pk": 165, "fields": {"action_time": "2021-05-13T14:31:53.234Z", "user": 1, "content_type": 14, "object_id": "53", "object_repr": "фишинг | <p>Как обезопасить свою аутентификационную информацию (пароли и т.д.) при работе в сети интернет?</p> || Внимательно смотреть на то, как выглядит сайт", "action_flag": 1, "change_message": "[{\"added\": {}}]"}}, {"model": "admin.logentry", "pk": 166, "fields": {"action_time": "2021-05-13T14:32:41.738Z", "user": 1, "content_type": 14, "object_id": "54", "object_repr": "фишинг | <p>Как обезопасить свою аутентификационную информацию (пароли и т.д.) при работе в сети интернет?</p> || Вводить свои данные только при подключении по HTTPS", "action_flag": 1, "change_message": "[{\"added\": {}}]"}}, {"model": "admin.logentry", "pk": 167, "fields": {"action_time": "2021-05-13T14:33:11.794Z", "user": 1, "content_type": 14, "object_id": "55", "object_repr": "фишинг | <p>Как обезопасить свою аутентификационную информацию (пароли и т.д.) при работе в сети интернет?</p> || Вводить свои данные только при подключении по HTTP", "action_flag": 1, "change_message": "[{\"added\": {}}]"}}, {"model": "admin.logentry", "pk": 168, "fields": {"action_time": "2021-05-13T14:41:41.784Z", "user": 1, "content_type": 13, "object_id": "18", "object_repr": "фишинг | <p>Фишинг в контексте информационной безопасности это?</p>", "action_flag": 1, "change_message": "[{\"added\": {}}]"}}, {"model": "admin.logentry", "pk": 169, "fields": {"action_time": "2021-05-13T14:41:56.278Z", "user": 1, "content_type": 14, "object_id": "56", "object_repr": "фишинг | <p>Фишинг в контексте информационной безопасности это?</p> || Рыбалка", "action_flag": 1, "change_message": "[{\"added\": {}}]"}}, {"model": "admin.logentry", "pk": 170, "fields": {"action_time": "2021-05-13T14:42:34.643Z", "user": 1, "content_type": 14, "object_id": "57", "object_repr": "фишинг | <p>Фишинг в контексте информационной безопасности это?</p> || Метод социальной инженерии направленный на кражу аутентификационной информации", "action_flag": 1, "change_message": "[{\"added\": {}}]"}}, {"model": "admin.logentry", "pk": 171, "fields": {"action_time": "2021-05-13T14:43:22.027Z", "user": 1, "content_type": 14, "object_id": "58", "object_repr": "фишинг | <p>Фишинг в контексте информационной безопасности это?</p> || Метод социальной инженерии направленный на поиск информации о жертве", "action_flag": 1, "change_message": "[{\"added\": {}}]"}}, {"model": "admin.logentry", "pk": 172, "fields": {"action_time": "2021-05-13T14:44:15.057Z", "user": 1, "content_type": 14, "object_id": "59", "object_repr": "фишинг | <p>Фишинг в контексте информационной безопасности это?</p> || Метод социальной инженерии заключающийся в подбрасывании зараженного физического носителя", "action_flag": 1, "change_message": "[{\"added\": {}}]"}}, {"model": "admin.logentry", "pk": 173, "fields": {"action_time": "2021-05-13T15:15:16.844Z", "user": 1, "content_type": 13, "object_id": "19", "object_repr": "фишинг | <p>&nbsp;</p>\r\n\r\n<p><img alt=\"\" class=\"img-content-card\" src=\"/media/ck_editor_files/2021/05/13/phishing_email.png\" style=\"height:888px; width:1159px\" /></p>\r\n\r\n<p>Является ли данное письмо п", "action_flag": 1, "change_message": "[{\"added\": {}}]"}}, {"model": "admin.logentry", "pk": 174, "fields": {"action_time": "2021-05-13T15:15:30.271Z", "user": 1, "content_type": 14, "object_id": "60", "object_repr": "фишинг | <p>&nbsp;</p>\r\n\r\n<p><img alt=\"\" class=\"img-content-card\" src=\"/media/ck_editor_files/2021/05/13/phishing_email.png\" style=\"height:888px; width:1159px\" /></p>\r\n\r\n<p>Является ли данное письмо п", "action_flag": 1, "change_message": "[{\"added\": {}}]"}}, {"model": "admin.logentry", "pk": 175, "fields": {"action_time": "2021-05-13T15:15:40.485Z", "user": 1, "content_type": 14, "object_id": "61", "object_repr": "фишинг | <p>&nbsp;</p>\r\n\r\n<p><img alt=\"\" class=\"img-content-card\" src=\"/media/ck_editor_files/2021/05/13/phishing_email.png\" style=\"height:888px; width:1159px\" /></p>\r\n\r\n<p>Является ли данное письмо п", "action_flag": 1, "change_message": "[{\"added\": {}}]"}}, {"model": "admin.logentry", "pk": 176, "fields": {"action_time": "2021-05-13T15:22:14.578Z", "user": 1, "content_type": 13, "object_id": "20", "object_repr": "Спам | <p>В каких целях может использоваться спам?</p>", "action_flag": 1, "change_message": "[{\"added\": {}}]"}}, {"model": "admin.logentry", "pk": 177, "fields": {"action_time": "2021-05-13T15:22:23.508Z", "user": 1, "content_type": 14, "object_id": "62", "object_repr": "Спам | <p>В каких целях может использоваться спам?</p> || Реклама", "action_flag": 1, "change_message": "[{\"added\": {}}]"}}, {"model": "admin.logentry", "pk": 178, "fields": {"action_time": "2021-05-13T15:22:34.397Z", "user": 1, "content_type": 14, "object_id": "63", "object_repr": "Спам | <p>В каких целях может использоваться спам?</p> || Антиреклама", "action_flag": 1, "change_message": "[{\"added\": {}}]"}}, {"model": "admin.logentry", "pk": 179, "fields": {"action_time": "2021-05-13T15:23:03.549Z", "user": 1, "content_type": 14, "object_id": "64", "object_repr": "Спам | <p>В каких целях может использоваться спам?</p> || Доставка вредоносного файла", "action_flag": 1, "change_message": "[{\"added\": {}}]"}}, {"model": "admin.logentry", "pk": 180, "fields": {"action_time": "2021-05-13T15:23:52.818Z", "user": 1, "content_type": 14, "object_id": "65", "object_repr": "Спам | <p>В каких целях может использоваться спам?</p> || Для взлома серверов", "action_flag": 1, "change_message": "[{\"added\": {}}]"}}, {"model": "admin.logentry", "pk": 181, "fields": {"action_time": "2021-05-13T15:26:02.342Z", "user": 1, "content_type": 13, "object_id": "21", "object_repr": "Спам | <p>Как защититься от возможных последствий подозрительного письма с приложенным файлом?</p>", "action_flag": 1, "change_message": "[{\"added\": {}}]"}}, {"model": "admin.logentry", "pk": 182, "fields": {"action_time": "2021-05-13T15:28:02.519Z", "user": 1, "content_type": 14, "object_id": "66", "object_repr": "Спам | <p>Как защититься от возможных последствий подозрительного письма с приложенным файлом?</p> || Открывать приложенный файл в изолированной \"песочнице\" или виртуальной машине", "action_flag": 1, "change_message": "[{\"added\": {}}]"}}, {"model": "admin.logentry", "pk": 183, "fields": {"action_time": "2021-05-13T15:30:24.645Z", "user": 1, "content_type": 14, "object_id": "67", "object_repr": "Спам | <p>Как защититься от возможных последствий подозрительного письма с приложенным файлом?</p> || Перед открытием файла убедиться в том, что его отправил именно доверенный человек", "action_flag": 1, "change_message": "[{\"added\": {}}]"}}, {"model": "admin.logentry", "pk": 184, "fields": {"action_time": "2021-05-13T15:45:37.040Z", "user": 1, "content_type": 14, "object_id": "68", "object_repr": "Спам | <p>Как защититься от возможных последствий подозрительного письма с приложенным файлом?</p> || Открывать только файлы распространенных \"офисных\" форматов", "action_flag": 1, "change_message": "[{\"added\": {}}]"}}, {"model": "admin.logentry", "pk": 185, "fields": {"action_time": "2021-05-13T15:54:02.567Z", "user": 1, "content_type": 13, "object_id": "22", "object_repr": "Спам | <p>Какие приложенные архивы являются самыми подозрительныим?</p>", "action_flag": 1, "change_message": "[{\"added\": {}}]"}}, {"model": "admin.logentry", "pk": 186, "fields": {"action_time": "2021-05-13T15:54:36.635Z", "user": 1, "content_type": 14, "object_id": "69", "object_repr": "Спам | <p>Какие приложенные архивы являются самыми подозрительныим?</p> || Формата \"rar\"", "action_flag": 1, "change_message": "[{\"added\": {}}]"}}, {"model": "admin.logentry", "pk": 187, "fields": {"action_time": "2021-05-13T15:54:55.096Z", "user": 1, "content_type": 14, "object_id": "70", "object_repr": "Спам | <p>Какие приложенные архивы являются самыми подозрительныим?</p> || Формата \"sfx\"", "action_flag": 1, "change_message": "[{\"added\": {}}]"}}, {"model": "admin.logentry", "pk": 188, "fields": {"action_time": "2021-05-13T15:55:10.044Z", "user": 1, "content_type": 14, "object_id": "71", "object_repr": "Спам | <p>Какие приложенные архивы являются самыми подозрительныим?</p> || Зашифрованные архивы", "action_flag": 1, "change_message": "[{\"added\": {}}]"}}, {"model": "admin.logentry", "pk": 189, "fields": {"action_time": "2021-05-13T15:55:35.413Z", "user": 1, "content_type": 14, "object_id": "72", "object_repr": "Спам | <p>Какие приложенные архивы являются самыми подозрительныим?</p> || Архивы с большим весом", "action_flag": 1, "change_message": "[{\"added\": {}}]"}}, {"model": "admin.logentry", "pk": 190, "fields": {"action_time": "2021-05-13T15:57:10.530Z", "user": 1, "content_type": 13, "object_id": "23", "object_repr": "Спам | <p>Что нужно сделать перед открытием документов офисного пакета?</p>", "action_flag": 1, "change_message": "[{\"added\": {}}]"}}, {"model": "admin.logentry", "pk": 191, "fields": {"action_time": "2021-05-13T15:57:28.825Z", "user": 1, "content_type": 14, "object_id": "73", "object_repr": "Спам | <p>Что нужно сделать перед открытием документов офисного пакета?</p> || Проверить его антивирусом", "action_flag": 1, "change_message": "[{\"added\": {}}]"}}, {"model": "admin.logentry", "pk": 192, "fields": {"action_time": "2021-05-13T15:58:16.726Z", "user": 1, "content_type": 14, "object_id": "74", "object_repr": "Спам | <p>Что нужно сделать перед открытием документов офисного пакета?</p> || Проверить отключен ли автозапуск макросов, отключить его, и не запускать его вручную", "action_flag": 1, "change_message": "[{\"added\": {}}]"}}, {"model": "admin.logentry", "pk": 193, "fields": {"action_time": "2021-05-13T15:59:47.135Z", "user": 1, "content_type": 14, "object_id": "75", "object_repr": "Спам | <p>Что нужно сделать перед открытием документов офисного пакета?</p> || Запустить виртуальную машину и открыть файл на ней", "action_flag": 1, "change_message": "[{\"added\": {}}]"}}, {"model": "admin.logentry", "pk": 194, "fields": {"action_time": "2021-05-13T16:01:20.799Z", "user": 1, "content_type": 16, "object_id": "4", "object_repr": "фишинг | Тест по теме \"Фишинг\"", "action_flag": 1, "change_message": "[{\"added\": {}}]"}}, {"model": "admin.logentry", "pk": 195, "fields": {"action_time": "2021-05-13T16:02:18.213Z", "user": 1, "content_type": 14, "object_id": "50", "object_repr": "фишинг | <p>На что нужно обратить внимание, чтобы понять является ли письмо фишинговым?</p> || На то, куда ведет ссылка", "action_flag": 2, "change_message": "[{\"changed\": {\"fields\": [\"\\u0422\\u0435\\u043a\\u0441\\u0442 \\u043e\\u0442\\u0432\\u0435\\u0442\\u0430\"]}}]"}}, {"model": "admin.logentry", "pk": 196, "fields": {"action_time": "2021-05-13T16:05:15.123Z", "user": 1, "content_type": 8, "object_id": "27", "object_repr": "Введение | 1 | <p style=\"text-align:right\"><span style=\"font-size:11pt\"><span style=\"font-family:Arial\"><span style ...", "action_flag": 1, "change_message": "[{\"added\": {}}]"}}, {"model": "admin.logentry", "pk": 197, "fields": {"action_time": "2021-05-14T07:42:22.037Z", "user": 1, "content_type": 4, "object_id": "2", "object_repr": "user1", "action_flag": 3, "change_message": ""}}, {"model": "admin.logentry", "pk": 198, "fields": {"action_time": "2021-05-20T15:36:38.930Z", "user": 1, "content_type": 8, "object_id": "24", "object_repr": "фишинг | 4 | <p><span style=\"font-size:12pt\"><span style=\"font-family:'Times New Roman'\"><span style=\"color:#0000 ...", "action_flag": 2, "change_message": "[{\"changed\": {\"fields\": [\"\\u0421\\u043e\\u0434\\u0435\\u0440\\u0436\\u0430\\u043d\\u0438\\u0435 \\u043a\\u0430\\u0440\\u0442\\u043e\\u0447\\u043a\\u0438\"]}}]"}}, {"model": "admin.logentry", "pk": 199, "fields": {"action_time": "2021-05-20T15:38:59.689Z", "user": 1, "content_type": 8, "object_id": "24", "object_repr": "фишинг | 4 | <p><span style=\"font-size:12pt\"><span style=\"font-family:'Times New Roman'\"><span style=\"color:#0000 ...", "action_flag": 2, "change_message": "[{\"changed\": {\"fields\": [\"\\u0421\\u043e\\u0434\\u0435\\u0440\\u0436\\u0430\\u043d\\u0438\\u0435 \\u043a\\u0430\\u0440\\u0442\\u043e\\u0447\\u043a\\u0438\"]}}]"}}, {"model": "auth.permission", "pk": 1, "fields": {"name": "Can add log entry", "content_type": 1, "codename": "add_logentry"}}, {"model": "auth.permission", "pk": 2, "fields": {"name": "Can change log entry", "content_type": 1, "codename": "change_logentry"}}, {"model": "auth.permission", "pk": 3, "fields": {"name": "Can delete log entry", "content_type": 1, "codename": "delete_logentry"}}, {"model": "auth.permission", "pk": 4, "fields": {"name": "Can view log entry", "content_type": 1, "codename": "view_logentry"}}, {"model": "auth.permission", "pk": 5, "fields": {"name": "Can add permission", "content_type": 2, "codename": "add_permission"}}, {"model": "auth.permission", "pk": 6, "fields": {"name": "Can change permission", "content_type": 2, "codename": "change_permission"}}, {"model": "auth.permission", "pk": 7, "fields": {"name": "Can delete permission", "content_type": 2, "codename": "delete_permission"}}, {"model": "auth.permission", "pk": 8, "fields": {"name": "Can view permission", "content_type": 2, "codename": "view_permission"}}, {"model": "auth.permission", "pk": 9, "fields": {"name": "Can add group", "content_type": 3, "codename": "add_group"}}, {"model": "auth.permission", "pk": 10, "fields": {"name": "Can change group", "content_type": 3, "codename": "change_group"}}, {"model": "auth.permission", "pk": 11, "fields": {"name": "Can delete group", "content_type": 3, "codename": "delete_group"}}, {"model": "auth.permission", "pk": 12, "fields": {"name": "Can view group", "content_type": 3, "codename": "view_group"}}, {"model": "auth.permission", "pk": 13, "fields": {"name": "Can add user", "content_type": 4, "codename": "add_user"}}, {"model": "auth.permission", "pk": 14, "fields": {"name": "Can change user", "content_type": 4, "codename": "change_user"}}, {"model": "auth.permission", "pk": 15, "fields": {"name": "Can delete user", "content_type": 4, "codename": "delete_user"}}, {"model": "auth.permission", "pk": 16, "fields": {"name": "Can view user", "content_type": 4, "codename": "view_user"}}, {"model": "auth.permission", "pk": 17, "fields": {"name": "Can add content type", "content_type": 5, "codename": "add_contenttype"}}, {"model": "auth.permission", "pk": 18, "fields": {"name": "Can change content type", "content_type": 5, "codename": "change_contenttype"}}, {"model": "auth.permission", "pk": 19, "fields": {"name": "Can delete content type", "content_type": 5, "codename": "delete_contenttype"}}, {"model": "auth.permission", "pk": 20, "fields": {"name": "Can view content type", "content_type": 5, "codename": "view_contenttype"}}, {"model": "auth.permission", "pk": 21, "fields": {"name": "Can add session", "content_type": 6, "codename": "add_session"}}, {"model": "auth.permission", "pk": 22, "fields": {"name": "Can change session", "content_type": 6, "codename": "change_session"}}, {"model": "auth.permission", "pk": 23, "fields": {"name": "Can delete session", "content_type": 6, "codename": "delete_session"}}, {"model": "auth.permission", "pk": 24, "fields": {"name": "Can view session", "content_type": 6, "codename": "view_session"}}, {"model": "auth.permission", "pk": 25, "fields": {"name": "Can add card", "content_type": 7, "codename": "add_card"}}, {"model": "auth.permission", "pk": 26, "fields": {"name": "Can change card", "content_type": 7, "codename": "change_card"}}, {"model": "auth.permission", "pk": 27, "fields": {"name": "Can delete card", "content_type": 7, "codename": "delete_card"}}, {"model": "auth.permission", "pk": 28, "fields": {"name": "Can view card", "content_type": 7, "codename": "view_card"}}, {"model": "auth.permission", "pk": 29, "fields": {"name": "Can add content_ card", "content_type": 8, "codename": "add_content_card"}}, {"model": "auth.permission", "pk": 30, "fields": {"name": "Can change content_ card", "content_type": 8, "codename": "change_content_card"}}, {"model": "auth.permission", "pk": 31, "fields": {"name": "Can delete content_ card", "content_type": 8, "codename": "delete_content_card"}}, {"model": "auth.permission", "pk": 32, "fields": {"name": "Can view content_ card", "content_type": 8, "codename": "view_content_card"}}, {"model": "auth.permission", "pk": 33, "fields": {"name": "Can add content card", "content_type": 8, "codename": "add_contentcard"}}, {"model": "auth.permission", "pk": 34, "fields": {"name": "Can change content card", "content_type": 8, "codename": "change_contentcard"}}, {"model": "auth.permission", "pk": 35, "fields": {"name": "Can delete content card", "content_type": 8, "codename": "delete_contentcard"}}, {"model": "auth.permission", "pk": 36, "fields": {"name": "Can view content card", "content_type": 8, "codename": "view_contentcard"}}, {"model": "auth.permission", "pk": 37, "fields": {"name": "Can add topic", "content_type": 9, "codename": "add_topic"}}, {"model": "auth.permission", "pk": 38, "fields": {"name": "Can change topic", "content_type": 9, "codename": "change_topic"}}, {"model": "auth.permission", "pk": 39, "fields": {"name": "Can delete topic", "content_type": 9, "codename": "delete_topic"}}, {"model": "auth.permission", "pk": 40, "fields": {"name": "Can view topic", "content_type": 9, "codename": "view_topic"}}, {"model": "auth.permission", "pk": 41, "fields": {"name": "Can add source", "content_type": 10, "codename": "add_source"}}, {"model": "auth.permission", "pk": 42, "fields": {"name": "Can change source", "content_type": 10, "codename": "change_source"}}, {"model": "auth.permission", "pk": 43, "fields": {"name": "Can delete source", "content_type": 10, "codename": "delete_source"}}, {"model": "auth.permission", "pk": 44, "fields": {"name": "Can view source", "content_type": 10, "codename": "view_source"}}, {"model": "auth.permission", "pk": 45, "fields": {"name": "Can add thumbnail", "content_type": 11, "codename": "add_thumbnail"}}, {"model": "auth.permission", "pk": 46, "fields": {"name": "Can change thumbnail", "content_type": 11, "codename": "change_thumbnail"}}, {"model": "auth.permission", "pk": 47, "fields": {"name": "Can delete thumbnail", "content_type": 11, "codename": "delete_thumbnail"}}, {"model": "auth.permission", "pk": 48, "fields": {"name": "Can view thumbnail", "content_type": 11, "codename": "view_thumbnail"}}, {"model": "auth.permission", "pk": 49, "fields": {"name": "Can add thumbnail dimensions", "content_type": 12, "codename": "add_thumbnaildimensions"}}, {"model": "auth.permission", "pk": 50, "fields": {"name": "Can change thumbnail dimensions", "content_type": 12, "codename": "change_thumbnaildimensions"}}, {"model": "auth.permission", "pk": 51, "fields": {"name": "Can delete thumbnail dimensions", "content_type": 12, "codename": "delete_thumbnaildimensions"}}, {"model": "auth.permission", "pk": 52, "fields": {"name": "Can view thumbnail dimensions", "content_type": 12, "codename": "view_thumbnaildimensions"}}, {"model": "auth.permission", "pk": 53, "fields": {"name": "Can add question", "content_type": 13, "codename": "add_question"}}, {"model": "auth.permission", "pk": 54, "fields": {"name": "Can change question", "content_type": 13, "codename": "change_question"}}, {"model": "auth.permission", "pk": 55, "fields": {"name": "Can delete question", "content_type": 13, "codename": "delete_question"}}, {"model": "auth.permission", "pk": 56, "fields": {"name": "Can view question", "content_type": 13, "codename": "view_question"}}, {"model": "auth.permission", "pk": 57, "fields": {"name": "Can add answer", "content_type": 14, "codename": "add_answer"}}, {"model": "auth.permission", "pk": 58, "fields": {"name": "Can change answer", "content_type": 14, "codename": "change_answer"}}, {"model": "auth.permission", "pk": 59, "fields": {"name": "Can delete answer", "content_type": 14, "codename": "delete_answer"}}, {"model": "auth.permission", "pk": 60, "fields": {"name": "Can view answer", "content_type": 14, "codename": "view_answer"}}, {"model": "auth.permission", "pk": 61, "fields": {"name": "Can add comment", "content_type": 15, "codename": "add_comment"}}, {"model": "auth.permission", "pk": 62, "fields": {"name": "Can change comment", "content_type": 15, "codename": "change_comment"}}, {"model": "auth.permission", "pk": 63, "fields": {"name": "Can delete comment", "content_type": 15, "codename": "delete_comment"}}, {"model": "auth.permission", "pk": 64, "fields": {"name": "Can view comment", "content_type": 15, "codename": "view_comment"}}, {"model": "auth.permission", "pk": 65, "fields": {"name": "Can add question card", "content_type": 16, "codename": "add_questioncard"}}, {"model": "auth.permission", "pk": 66, "fields": {"name": "Can change question card", "content_type": 16, "codename": "change_questioncard"}}, {"model": "auth.permission", "pk": 67, "fields": {"name": "Can delete question card", "content_type": 16, "codename": "delete_questioncard"}}, {"model": "auth.permission", "pk": 68, "fields": {"name": "Can view question card", "content_type": 16, "codename": "view_questioncard"}}, {"model": "auth.user", "pk": 1, "fields": {"password": "pbkdf2_sha256$216000$o9wsK0Vk0w2h$YodVEY+wAwPgphrCZxmU2qdkyyUGSvlU0N00wmzOnSY=", "last_login": "2021-05-20T15:33:50.740Z", "is_superuser": true, "username": "den", "first_name": "", "last_name": "", "email": "", "is_staff": true, "is_active": true, "date_joined": "2021-03-04T12:14:37.375Z", "groups": [], "user_permissions": []}}, {"model": "contenttypes.contenttype", "pk": 1, "fields": {"app_label": "admin", "model": "logentry"}}, {"model": "contenttypes.contenttype", "pk": 2, "fields": {"app_label": "auth", "model": "permission"}}, {"model": "contenttypes.contenttype", "pk": 3, "fields": {"app_label": "auth", "model": "group"}}, {"model": "contenttypes.contenttype", "pk": 4, "fields": {"app_label": "auth", "model": "user"}}, {"model": "contenttypes.contenttype", "pk": 5, "fields": {"app_label": "contenttypes", "model": "contenttype"}}, {"model": "contenttypes.contenttype", "pk": 6, "fields": {"app_label": "sessions", "model": "session"}}, {"model": "contenttypes.contenttype", "pk": 7, "fields": {"app_label": "mainapp", "model": "card"}}, {"model": "contenttypes.contenttype", "pk": 8, "fields": {"app_label": "mainapp", "model": "contentcard"}}, {"model": "contenttypes.contenttype", "pk": 9, "fields": {"app_label": "mainapp", "model": "topic"}}, {"model": "contenttypes.contenttype", "pk": 10, "fields": {"app_label": "easy_thumbnails", "model": "source"}}, {"model": "contenttypes.contenttype", "pk": 11, "fields": {"app_label": "easy_thumbnails", "model": "thumbnail"}}, {"model": "contenttypes.contenttype", "pk": 12, "fields": {"app_label": "easy_thumbnails", "model": "thumbnaildimensions"}}, {"model": "contenttypes.contenttype", "pk": 13, "fields": {"app_label": "questionapp", "model": "question"}}, {"model": "contenttypes.contenttype", "pk": 14, "fields": {"app_label": "questionapp", "model": "answer"}}, {"model": "contenttypes.contenttype", "pk": 15, "fields": {"app_label": "mainapp", "model": "comment"}}, {"model": "contenttypes.contenttype", "pk": 16, "fields": {"app_label": "questionapp", "model": "questioncard"}}, {"model": "sessions.session", "pk": "1ya1ra96jpbqx30r4kcch58008n2pxlb", "fields": {"session_data": ".eJxVjMEOwiAQRP-Fc0OWSkE8evcbmmV3sVUDSWlPxn-XJj3obTLz5r3ViNs6jVuVZZxZXZRR3W8XkZ6S94EfmO9FU8nrMke9I_pYq74Vltf1YP8EE9apvZ1xUQw558X2Bg2fgIfAkBKmFELiAJEIbQ-N80w-YmIIYGXwZ7GuSSuVRdQFOkVly2tLny-n9z69:1ljksn:RJ_GIjrCJjmuZT97QlM3VSsYS_4VMR9ggBWbFTzEFGE", "expire_date": "2021-06-03T15:46:45.312Z"}}, {"model": "sessions.session", "pk": "buw2vgc1p6yed0wxdtcu479mnnw4c34p", "fields": {"session_data": ".eJxVjM0OwiAQhN-FsyFgy48evfcZyC67SNVAUtqT8d2lSQ96mGQy38y8RYBtzWFrvISZxFVocfrNEOKTyw7oAeVeZaxlXWaUe0UetMmpEr9uR_fvIEPLfW0vxg9aGcKBne6mi1i5EdlHhconwqhAOwM4ekYAOrsUbWJrUVsjPl_PmDgW:1lPJhA:t60pbzLZA_qfGb9VJ14hBcx-vLkwfpTcLwz1IzLrVRY", "expire_date": "2021-04-08T06:42:16.959Z"}}, {"model": "sessions.session", "pk": "gimusls92z6xmdtuljcxswzry5018abk", "fields": {"session_data": "eyJzY29yZSI6MCwiY291bnQiOjB9:1lgAAm:mpslknKrTDaVTFPLI4VR6b9joZnz5SBdcwCQiiLY8ds", "expire_date": "2021-05-24T17:58:28.810Z"}}, {"model": "sessions.session", "pk": "uqj965l29ouraae5w785rygtyiaih4v4", "fields": {"session_data": ".eJxVjM0OwiAQhN-FsyFgy48evfcZyC67SNVAUtqT8d2lSQ96mGQy38y8RYBtzWFrvISZxFVocfrNEOKTyw7oAeVeZaxlXWaUe0UetMmpEr9uR_fvIEPLfW0vxg9aGcKBne6mi1i5EdlHhconwqhAOwM4ekYAOrsUbWJrUVsjPl_PmDgW:1lHmt1:30E6V5P2CXx5b5PoDaPqfWFY8_ysVscXozpZ_4YrJkk", "expire_date": "2021-03-18T12:15:23.090Z"}}, {"model": "sessions.session", "pk": "wyuq5mlqqdqm0svn5chxsmjji0dr3puc", "fields": {"session_data": "eyJzY29yZSI6MCwiY291bnQiOjB9:1lhDzA:9fnOqmANfHFZ6j1bhScJfzJ2riKNgUCZWUHAiPlu8ug", "expire_date": "2021-05-27T16:14:52.833Z"}}, {"model": "easy_thumbnails.source", "pk": 1, "fields": {"storage_hash": "f9bde26a1556cd667f742bd34ec7c55e", "name": "card_img/phishing_NMhopXI.webp", "modified": "2021-04-17T07:07:03.847Z"}}, {"model": "easy_thumbnails.source", "pk": 2, "fields": {"storage_hash": "f9bde26a1556cd667f742bd34ec7c55e", "name": "card_img/introduction.jpg", "modified": "2021-04-26T08:05:39.348Z"}}, {"model": "easy_thumbnails.source", "pk": 3, "fields": {"storage_hash": "f9bde26a1556cd667f742bd34ec7c55e", "name": "card_img/bad_pswd.png", "modified": "2021-04-26T08:05:39.721Z"}}, {"model": "easy_thumbnails.source", "pk": 4, "fields": {"storage_hash": "f9bde26a1556cd667f742bd34ec7c55e", "name": "card_img/spam.webp", "modified": "2021-04-26T08:05:40.078Z"}}, {"model": "easy_thumbnails.source", "pk": 5, "fields": {"storage_hash": "f9bde26a1556cd667f742bd34ec7c55e", "name": "card_img/social_ing.jpg", "modified": "2021-04-26T08:08:20.921Z"}}, {"model": "easy_thumbnails.source", "pk": 6, "fields": {"storage_hash": "f9bde26a1556cd667f742bd34ec7c55e", "name": "card_img/social_ing_wakbN7S.jpg", "modified": "2021-05-06T07:51:16.508Z"}}, {"model": "easy_thumbnails.source", "pk": 7, "fields": {"storage_hash": "f9bde26a1556cd667f742bd34ec7c55e", "name": "card_img/is_my_pswd_safe_Парольная_политика.png", "modified": "2021-05-13T08:36:58.291Z"}}, {"model": "easy_thumbnails.source", "pk": 8, "fields": {"storage_hash": "f9bde26a1556cd667f742bd34ec7c55e", "name": "card_img/phishing_xdO6Czg.webp", "modified": "2021-05-13T16:01:24.236Z"}}, {"model": "easy_thumbnails.thumbnail", "pk": 1, "fields": {"storage_hash": "d26becbf46ac48eda79c7a39a13a02dd", "name": "card_img/phishing_NMhopXI.webp.300x200_q85_crop.jpg", "modified": "2021-04-17T07:06:46.976Z", "source": 1}}, {"model": "easy_thumbnails.thumbnail", "pk": 2, "fields": {"storage_hash": "d26becbf46ac48eda79c7a39a13a02dd", "name": "card_img/phishing_NMhopXI.webp.300x300_q85_crop.jpg", "modified": "2021-04-17T07:06:53.200Z", "source": 1}}, {"model": "easy_thumbnails.thumbnail", "pk": 3, "fields": {"storage_hash": "d26becbf46ac48eda79c7a39a13a02dd", "name": "card_img/phishing_NMhopXI.webp.400x200_q85_crop.jpg", "modified": "2021-04-17T07:07:03.985Z", "source": 1}}, {"model": "easy_thumbnails.thumbnail", "pk": 4, "fields": {"storage_hash": "d26becbf46ac48eda79c7a39a13a02dd", "name": "card_img/introduction.jpg.400x200_q85_crop.jpg", "modified": "2021-04-26T08:05:39.505Z", "source": 2}}, {"model": "easy_thumbnails.thumbnail", "pk": 5, "fields": {"storage_hash": "d26becbf46ac48eda79c7a39a13a02dd", "name": "card_img/bad_pswd.png.400x200_q85_crop.jpg", "modified": "2021-04-26T08:05:39.905Z", "source": 3}}, {"model": "easy_thumbnails.thumbnail", "pk": 6, "fields": {"storage_hash": "d26becbf46ac48eda79c7a39a13a02dd", "name": "card_img/spam.webp.400x200_q85_crop.png", "modified": "2021-04-26T08:05:40.160Z", "source": 4}}, {"model": "easy_thumbnails.thumbnail", "pk": 7, "fields": {"storage_hash": "d26becbf46ac48eda79c7a39a13a02dd", "name": "card_img/social_ing.jpg.400x200_q85_crop.jpg", "modified": "2021-04-26T08:08:21.007Z", "source": 5}}, {"model": "easy_thumbnails.thumbnail", "pk": 8, "fields": {"storage_hash": "d26becbf46ac48eda79c7a39a13a02dd", "name": "card_img/social_ing_wakbN7S.jpg.400x200_q85_crop.jpg", "modified": "2021-05-06T07:51:16.598Z", "source": 6}}, {"model": "easy_thumbnails.thumbnail", "pk": 9, "fields": {"storage_hash": "d26becbf46ac48eda79c7a39a13a02dd", "name": "card_img/is_my_pswd_safe_Парольная_политика.png.400x200_q85_crop.png", "modified": "2021-05-13T08:36:58.467Z", "source": 7}}, {"model": "easy_thumbnails.thumbnail", "pk": 10, "fields": {"storage_hash": "d26becbf46ac48eda79c7a39a13a02dd", "name": "card_img/phishing_xdO6Czg.webp.400x200_q85_crop.jpg", "modified": "2021-05-13T16:01:24.372Z", "source": 8}}]