PRAGMA foreign_keys=OFF;
BEGIN TRANSACTION;
CREATE TABLE IF NOT EXISTS "django_migrations" ("id" integer NOT NULL PRIMARY KEY AUTOINCREMENT, "app" varchar(255) NOT NULL, "name" varchar(255) NOT NULL, "applied" datetime NOT NULL);
INSERT INTO django_migrations VALUES(1,'contenttypes','0001_initial','2021-03-04 12:13:34.077347');
INSERT INTO django_migrations VALUES(2,'auth','0001_initial','2021-03-04 12:13:34.213592');
INSERT INTO django_migrations VALUES(3,'admin','0001_initial','2021-03-04 12:13:34.349918');
INSERT INTO django_migrations VALUES(4,'admin','0002_logentry_remove_auto_add','2021-03-04 12:13:34.490731');
INSERT INTO django_migrations VALUES(5,'admin','0003_logentry_add_action_flag_choices','2021-03-04 12:13:34.634685');
INSERT INTO django_migrations VALUES(6,'contenttypes','0002_remove_content_type_name','2021-03-04 12:13:34.764597');
INSERT INTO django_migrations VALUES(7,'auth','0002_alter_permission_name_max_length','2021-03-04 12:13:34.869057');
INSERT INTO django_migrations VALUES(8,'auth','0003_alter_user_email_max_length','2021-03-04 12:13:34.981661');
INSERT INTO django_migrations VALUES(9,'auth','0004_alter_user_username_opts','2021-03-04 12:13:35.124315');
INSERT INTO django_migrations VALUES(10,'auth','0005_alter_user_last_login_null','2021-03-04 12:13:35.236407');
INSERT INTO django_migrations VALUES(11,'auth','0006_require_contenttypes_0002','2021-03-04 12:13:35.323198');
INSERT INTO django_migrations VALUES(12,'auth','0007_alter_validators_add_error_messages','2021-03-04 12:13:35.422691');
INSERT INTO django_migrations VALUES(13,'auth','0008_alter_user_username_max_length','2021-03-04 12:13:35.513397');
INSERT INTO django_migrations VALUES(14,'auth','0009_alter_user_last_name_max_length','2021-03-04 12:13:35.624804');
INSERT INTO django_migrations VALUES(15,'auth','0010_alter_group_name_max_length','2021-03-04 12:13:35.734953');
INSERT INTO django_migrations VALUES(16,'auth','0011_update_proxy_permissions','2021-03-04 12:13:35.839445');
INSERT INTO django_migrations VALUES(17,'auth','0012_alter_user_first_name_max_length','2021-03-04 12:13:35.924945');
INSERT INTO django_migrations VALUES(18,'sessions','0001_initial','2021-03-04 12:13:35.992573');
INSERT INTO django_migrations VALUES(19,'mainapp','0001_initial','2021-03-15 12:45:02.558485');
INSERT INTO django_migrations VALUES(20,'mainapp','0002_auto_20210316_1240','2021-03-16 12:40:54.155575');
INSERT INTO django_migrations VALUES(21,'mainapp','0003_auto_20210317_0815','2021-03-17 08:16:03.840581');
INSERT INTO django_migrations VALUES(22,'mainapp','0004_auto_20210317_0820','2021-03-17 08:20:43.590888');
INSERT INTO django_migrations VALUES(23,'mainapp','0005_content_card','2021-03-23 06:34:54.113005');
INSERT INTO django_migrations VALUES(24,'mainapp','0006_auto_20210323_0722','2021-03-23 07:22:16.425424');
INSERT INTO django_migrations VALUES(25,'mainapp','0007_auto_20210323_0834','2021-03-23 08:34:53.201102');
INSERT INTO django_migrations VALUES(26,'mainapp','0008_auto_20210325_0729','2021-03-25 07:38:05.113602');
INSERT INTO django_migrations VALUES(27,'mainapp','0009_remove_card_topic_id','2021-03-25 07:38:05.603299');
INSERT INTO django_migrations VALUES(28,'mainapp','0010_remove_card_order','2021-03-25 07:38:05.729788');
INSERT INTO django_migrations VALUES(29,'mainapp','0011_remove_contentcard_topic_id','2021-03-25 07:38:05.827986');
INSERT INTO django_migrations VALUES(30,'mainapp','0012_auto_20210325_0738','2021-03-25 07:38:41.478041');
INSERT INTO django_migrations VALUES(31,'mainapp','0013_auto_20210325_0741','2021-03-25 07:41:09.279231');
INSERT INTO django_migrations VALUES(32,'mainapp','0014_auto_20210325_0808','2021-03-25 08:08:16.982122');
INSERT INTO django_migrations VALUES(33,'mainapp','0015_auto_20210330_0820','2021-03-30 08:20:23.265046');
INSERT INTO django_migrations VALUES(34,'easy_thumbnails','0001_initial','2021-04-17 07:05:25.208634');
INSERT INTO django_migrations VALUES(35,'easy_thumbnails','0002_thumbnaildimensions','2021-04-17 07:05:25.334754');
INSERT INTO django_migrations VALUES(36,'mainapp','0016_auto_20210417_0705','2021-04-17 07:05:25.445232');
INSERT INTO django_migrations VALUES(37,'questionapp','0001_initial','2021-04-18 11:34:15.474158');
INSERT INTO django_migrations VALUES(38,'mainapp','0017_comment','2021-04-29 08:25:16.780971');
INSERT INTO django_migrations VALUES(39,'questionapp','0002_auto_20210429_0825','2021-04-29 08:25:16.937366');
INSERT INTO django_migrations VALUES(40,'questionapp','0003_question_topic','2021-05-05 13:55:57.505826');
INSERT INTO django_migrations VALUES(41,'questionapp','0004_questioncard','2021-05-06 07:22:38.993981');
INSERT INTO django_migrations VALUES(42,'mainapp','0018_auto_20210520_1600','2021-05-20 16:01:33.309038');
INSERT INTO django_migrations VALUES(43,'questionapp','0005_auto_20210520_1600','2021-05-20 16:01:33.465880');
CREATE TABLE IF NOT EXISTS "auth_group_permissions" ("id" integer NOT NULL PRIMARY KEY AUTOINCREMENT, "group_id" integer NOT NULL REFERENCES "auth_group" ("id") DEFERRABLE INITIALLY DEFERRED, "permission_id" integer NOT NULL REFERENCES "auth_permission" ("id") DEFERRABLE INITIALLY DEFERRED);
CREATE TABLE IF NOT EXISTS "auth_user_groups" ("id" integer NOT NULL PRIMARY KEY AUTOINCREMENT, "user_id" integer NOT NULL REFERENCES "auth_user" ("id") DEFERRABLE INITIALLY DEFERRED, "group_id" integer NOT NULL REFERENCES "auth_group" ("id") DEFERRABLE INITIALLY DEFERRED);
CREATE TABLE IF NOT EXISTS "auth_user_user_permissions" ("id" integer NOT NULL PRIMARY KEY AUTOINCREMENT, "user_id" integer NOT NULL REFERENCES "auth_user" ("id") DEFERRABLE INITIALLY DEFERRED, "permission_id" integer NOT NULL REFERENCES "auth_permission" ("id") DEFERRABLE INITIALLY DEFERRED);
CREATE TABLE IF NOT EXISTS "django_admin_log" ("id" integer NOT NULL PRIMARY KEY AUTOINCREMENT, "action_time" datetime NOT NULL, "object_id" text NULL, "object_repr" varchar(200) NOT NULL, "change_message" text NOT NULL, "content_type_id" integer NULL REFERENCES "django_content_type" ("id") DEFERRABLE INITIALLY DEFERRED, "user_id" integer NOT NULL REFERENCES "auth_user" ("id") DEFERRABLE INITIALLY DEFERRED, "action_flag" smallint unsigned NOT NULL CHECK ("action_flag" >= 0));
INSERT INTO django_admin_log VALUES(1,'2021-03-16 13:12:11.584148','1','Card object (1)','[{"added": {}}]',7,1,1);
INSERT INTO django_admin_log VALUES(2,'2021-03-16 13:12:57.246691','1','Card object (1)','[{"changed": {"fields": ["\u0417\u0430\u0433\u043e\u043b\u043e\u0432\u043e\u043a", "\u0422\u0435\u043a\u0441\u0442 \u043a\u0430\u0440\u0442\u043e\u0447\u043a\u0438"]}}]',7,1,2);
INSERT INTO django_admin_log VALUES(3,'2021-03-17 08:22:14.291911','1','Card object (1)','[{"changed": {"fields": ["\u041a\u0430\u0440\u0442\u0438\u043d\u043a\u0430 \u043a\u0430\u0440\u0442\u043e\u0447\u043a\u0438"]}}]',7,1,2);
INSERT INTO django_admin_log VALUES(4,'2021-03-17 08:28:09.596051','2','Card object (2)','[{"added": {}}]',7,1,1);
INSERT INTO django_admin_log VALUES(5,'2021-03-23 07:28:11.075238','1','ContentCard object (1)','[{"added": {}}]',8,1,1);
INSERT INTO django_admin_log VALUES(6,'2021-03-23 08:48:30.258706','2','ContentCard object (2)','[{"added": {}}]',8,1,1);
INSERT INTO django_admin_log VALUES(7,'2021-03-25 07:37:43.649256','2','ContentCard object (2)','',8,1,3);
INSERT INTO django_admin_log VALUES(8,'2021-03-25 07:37:43.850080','1','ContentCard object (1)','',8,1,3);
INSERT INTO django_admin_log VALUES(9,'2021-03-25 07:37:52.624720','2','Card object (2)','',7,1,3);
INSERT INTO django_admin_log VALUES(10,'2021-03-25 07:37:52.804217','1','Card object (1)','',7,1,3);
INSERT INTO django_admin_log VALUES(11,'2021-03-25 07:41:30.646756','1','Topic object (1)','[{"added": {}}]',9,1,1);
INSERT INTO django_admin_log VALUES(12,'2021-03-25 07:45:37.349691','1','Card object (1)','[{"added": {}}]',7,1,1);
INSERT INTO django_admin_log VALUES(13,'2021-03-25 07:49:16.415155','1','ContentCard object (1)','[{"added": {}}]',8,1,1);
INSERT INTO django_admin_log VALUES(14,'2021-03-25 07:50:18.350546','2','ContentCard object (2)','[{"added": {}}]',8,1,1);
INSERT INTO django_admin_log VALUES(15,'2021-03-25 08:28:13.042268','1','ContentCard object (1)','[{"changed": {"fields": ["\u0421\u043e\u0434\u0435\u0440\u0436\u0430\u043d\u0438\u0435 \u043a\u0430\u0440\u0442\u043e\u0447\u043a\u0438"]}}]',8,1,2);
INSERT INTO django_admin_log VALUES(16,'2021-03-30 07:35:18.419421','1','ContentCard object (1)','[{"changed": {"fields": ["\u0421\u043e\u0434\u0435\u0440\u0436\u0430\u043d\u0438\u0435 \u043a\u0430\u0440\u0442\u043e\u0447\u043a\u0438"]}}]',8,1,2);
INSERT INTO django_admin_log VALUES(17,'2021-03-30 07:38:17.849366','1','ContentCard object (1)','[{"changed": {"fields": ["\u0421\u043e\u0434\u0435\u0440\u0436\u0430\u043d\u0438\u0435 \u043a\u0430\u0440\u0442\u043e\u0447\u043a\u0438"]}}]',8,1,2);
INSERT INTO django_admin_log VALUES(18,'2021-03-30 07:43:56.298251','1','ContentCard object (1)','[{"changed": {"fields": ["\u0421\u043e\u0434\u0435\u0440\u0436\u0430\u043d\u0438\u0435 \u043a\u0430\u0440\u0442\u043e\u0447\u043a\u0438"]}}]',8,1,2);
INSERT INTO django_admin_log VALUES(19,'2021-03-30 07:54:40.191009','1','ContentCard object (1)','[{"changed": {"fields": ["\u0421\u043e\u0434\u0435\u0440\u0436\u0430\u043d\u0438\u0435 \u043a\u0430\u0440\u0442\u043e\u0447\u043a\u0438"]}}]',8,1,2);
INSERT INTO django_admin_log VALUES(20,'2021-03-30 07:55:59.978858','1','ContentCard object (1)','[{"changed": {"fields": ["\u0421\u043e\u0434\u0435\u0440\u0436\u0430\u043d\u0438\u0435 \u043a\u0430\u0440\u0442\u043e\u0447\u043a\u0438"]}}]',8,1,2);
INSERT INTO django_admin_log VALUES(21,'2021-04-17 13:13:34.437533','1','ContentCard object (1)','[{"changed": {"fields": ["\u0421\u043e\u0434\u0435\u0440\u0436\u0430\u043d\u0438\u0435 \u043a\u0430\u0440\u0442\u043e\u0447\u043a\u0438", "\u041e\u0431\u043e\u0437\u043d\u0430\u0447\u0435\u043d\u0438\u0435 \u043a\u0430\u0440\u0442\u043e\u0447\u043a\u0438 \u043f\u0440\u0438 \u043f\u0430\u0433\u0438\u043d\u0430\u0446\u0438\u0438"]}}]',8,1,2);
INSERT INTO django_admin_log VALUES(22,'2021-04-18 07:57:48.787753','3','ContentCard object (3)','[{"added": {}}]',8,1,1);
INSERT INTO django_admin_log VALUES(23,'2021-04-18 08:09:13.771957','2','фишинг','[{"added": {}}]',9,1,1);
INSERT INTO django_admin_log VALUES(24,'2021-04-18 08:09:42.458961','4','ContentCard object (4)','[{"added": {}}]',8,1,1);
INSERT INTO django_admin_log VALUES(25,'2021-04-18 08:10:02.767034','5','ContentCard object (5)','[{"added": {}}]',8,1,1);
INSERT INTO django_admin_log VALUES(26,'2021-04-18 09:05:28.361115','6','ContentCard object (6)','[{"added": {}}]',8,1,1);
INSERT INTO django_admin_log VALUES(27,'2021-04-18 11:37:33.763017','1','Question object (1)','[{"added": {}}]',13,1,1);
INSERT INTO django_admin_log VALUES(28,'2021-04-18 11:38:18.975469','1','Answer object (1)','[{"added": {}}]',14,1,1);
INSERT INTO django_admin_log VALUES(29,'2021-04-18 11:38:27.941771','2','Answer object (2)','[{"added": {}}]',14,1,1);
INSERT INTO django_admin_log VALUES(30,'2021-04-18 11:38:35.311687','3','Answer object (3)','[{"added": {}}]',14,1,1);
INSERT INTO django_admin_log VALUES(31,'2021-04-18 16:28:05.272923','2','Question object (2)','[{"added": {}}]',13,1,1);
INSERT INTO django_admin_log VALUES(32,'2021-04-18 16:28:30.532690','4','Answer object (4)','[{"added": {}}]',14,1,1);
INSERT INTO django_admin_log VALUES(33,'2021-04-18 16:28:42.941472','5','Answer object (5)','[{"added": {}}]',14,1,1);
INSERT INTO django_admin_log VALUES(34,'2021-04-25 13:13:28.103796','3','Question object (3)','[{"added": {}}]',13,1,1);
INSERT INTO django_admin_log VALUES(35,'2021-04-25 13:13:52.657759','6','Answer object (6)','[{"added": {}}]',14,1,1);
INSERT INTO django_admin_log VALUES(36,'2021-04-25 13:14:01.978696','7','Answer object (7)','[{"added": {}}]',14,1,1);
INSERT INTO django_admin_log VALUES(37,'2021-04-26 07:46:12.948376','3','Введение','[{"added": {}}]',9,1,1);
INSERT INTO django_admin_log VALUES(38,'2021-04-26 07:46:27.426727','4','Парольная политика','[{"added": {}}]',9,1,1);
INSERT INTO django_admin_log VALUES(39,'2021-04-26 07:47:05.837830','5','Спам','[{"added": {}}]',9,1,1);
INSERT INTO django_admin_log VALUES(40,'2021-04-26 07:51:52.481864','1','Более 50% хакеров  используют  фишинг  в качестве отправной  точки взлома','[{"changed": {"fields": ["\u0417\u0430\u0433\u043e\u043b\u043e\u0432\u043e\u043a", "\u0422\u0435\u043a\u0441\u0442 \u043a\u0430\u0440\u0442\u043e\u0447\u043a\u0438", "\u041f\u043e\u0440\u044f\u0434\u043a\u043e\u0432\u044b\u0439 \u043d\u043e\u043c\u0435\u0440 \u043a\u0430\u0440\u0442\u043e\u0447\u043a\u0438", "Topic"]}}]',7,1,2);
INSERT INTO django_admin_log VALUES(41,'2021-04-26 07:57:33.326042','2','Введение','[{"added": {}}]',7,1,1);
INSERT INTO django_admin_log VALUES(42,'2021-04-26 08:02:26.926723','3','Как выбрать хороший пароль?','[{"added": {}}]',7,1,1);
INSERT INTO django_admin_log VALUES(43,'2021-04-26 08:05:33.968933','4','Чем может быть опасен спам','[{"added": {}}]',7,1,1);
INSERT INTO django_admin_log VALUES(44,'2021-04-26 08:08:13.792257','5','В  последние годы наблюдается  взрывной рост количества   инцедентов безопасности  связанных с социальной  инженерией','[{"added": {}}]',7,1,1);
INSERT INTO django_admin_log VALUES(45,'2021-04-26 08:17:07.322743','5','В  последние годы наблюдается  взрывной рост количества   инцедентов безопасности  связанных с социальной  инженерией','[{"changed": {"fields": ["\u041f\u043e\u0440\u044f\u0434\u043a\u043e\u0432\u044b\u0439 \u043d\u043e\u043c\u0435\u0440 \u043a\u0430\u0440\u0442\u043e\u0447\u043a\u0438"]}}]',7,1,2);
INSERT INTO django_admin_log VALUES(46,'2021-04-26 08:48:34.115572','7','ContentCard object (7)','[{"added": {}}]',8,1,1);
INSERT INTO django_admin_log VALUES(47,'2021-04-26 08:53:12.439718','4',replace(replace('Парольная политика | <p>фывыфвлыфвдлофыв</p>\r\n\r\n<p>ыфвыфовдыфлвоыфдлвоыф</p>\r\n\r\n<p>вдлыфовдыфлвофыдлвофы</p>\r\n\r\n<p>вдлыфо ...','\r',char(13)),'\n',char(10)),'[{"changed": {"fields": ["Topic"]}}]',8,1,2);
INSERT INTO django_admin_log VALUES(48,'2021-04-26 08:53:37.776536','3',replace(replace('Парольная политика | <p>alskjdlaskjdlkasjdlaks</p>\r\n\r\n<p>lakdjlaskjdlksajdlaskjd</p>\r\n\r\n<p>kjasldkjaslkdjslakdjlkasjda</p ...','\r',char(13)),'\n',char(10)),'[{"changed": {"fields": ["Topic", "\u041f\u043e\u0440\u044f\u0434\u043a\u043e\u0432\u044b\u0439 \u043d\u043e\u043c\u0435\u0440 \u043a\u0430\u0440\u0442\u043e\u0447\u043a\u0438", "\u041e\u0431\u043e\u0437\u043d\u0430\u0447\u0435\u043d\u0438\u0435 \u043a\u0430\u0440\u0442\u043e\u0447\u043a\u0438 \u043f\u0440\u0438 \u043f\u0430\u0433\u0438\u043d\u0430\u0446\u0438\u0438"]}}]',8,1,2);
INSERT INTO django_admin_log VALUES(49,'2021-04-26 08:59:06.673112','8','Парольная политика | <p><span style="font-size:12pt"><span style="font-family:''Times New Roman''"><span style="color:#0000 ...','[{"added": {}}]',8,1,1);
INSERT INTO django_admin_log VALUES(50,'2021-04-26 20:50:08.272474','4','Question object (4)','[{"added": {}}]',13,1,1);
INSERT INTO django_admin_log VALUES(51,'2021-04-26 20:50:33.412595','8','Answer object (8)','[{"added": {}}]',14,1,1);
INSERT INTO django_admin_log VALUES(52,'2021-04-26 20:50:45.804088','9','Answer object (9)','[{"added": {}}]',14,1,1);
INSERT INTO django_admin_log VALUES(53,'2021-04-29 08:25:44.149830','1','den: comment from DAN...','[{"added": {}}]',15,1,1);
INSERT INTO django_admin_log VALUES(54,'2021-04-29 12:29:17.055077','2','user1','[{"added": {}}]',4,1,1);
INSERT INTO django_admin_log VALUES(55,'2021-04-29 12:30:43.403345','2','user1','[{"changed": {"fields": ["User permissions"]}}]',4,1,2);
INSERT INTO django_admin_log VALUES(56,'2021-04-29 12:32:21.075803','2','user1','[{"changed": {"fields": ["password"]}}]',4,1,2);
INSERT INTO django_admin_log VALUES(57,'2021-05-04 15:34:22.580339','4','Answer object (4)','[]',14,1,2);
INSERT INTO django_admin_log VALUES(58,'2021-05-04 15:34:28.332237','5','Answer object (5)','[{"changed": {"fields": ["\u041e\u0442\u0432\u0435\u0442 \u0432\u0435\u0440\u0435\u043d?"]}}]',14,1,2);
INSERT INTO django_admin_log VALUES(59,'2021-05-05 15:09:25.013141','5','Спам | <p>Спамить плохо?</p>','[{"added": {}}]',13,1,1);
INSERT INTO django_admin_log VALUES(60,'2021-05-05 15:09:38.763569','10','Спам | <p>Спамить плохо?</p> | да','[{"added": {}}]',14,1,1);
INSERT INTO django_admin_log VALUES(61,'2021-05-06 07:25:21.933930','1','Социальная инженерия | Тест по социальной инженерии','[{"added": {}}]',16,1,1);
INSERT INTO django_admin_log VALUES(62,'2021-05-06 07:25:39.850431','2','Спам | Пройти тест по теме спам','[{"added": {}}]',16,1,1);
INSERT INTO django_admin_log VALUES(63,'2021-05-10 17:34:25.133603','7','Парольная политика | <p>первая карточка, за ней пойдет демоестационный вариант</p> ...','',8,1,3);
INSERT INTO django_admin_log VALUES(64,'2021-05-10 17:34:25.330952','6',replace(replace('Социальная инженерия | <p>5th page sakjdklasjdlkasjdlksajdlkasjdlsakjdlsakdj</p>\r\n\r\n<p>as;dkjsaldkjaslkdjaslkdjaslkdjaslk</ ...','\r',char(13)),'\n',char(10)),'',8,1,3);
INSERT INTO django_admin_log VALUES(65,'2021-05-10 17:34:25.420532','5',replace(replace('фишинг | <p>лоыфрвлофырвлофырвлоыфлвоыф</p>\r\n\r\n<p>вдфыллодлодло</p>\r\n\r\n<p>фишингоавя карточка</p> ...','\r',char(13)),'\n',char(10)),'',8,1,3);
INSERT INTO django_admin_log VALUES(66,'2021-05-10 17:34:25.520361','4',replace(replace('Парольная политика | <p>фывыфвлыфвдлофыв</p>\r\n\r\n<p>ыфвыфовдыфлвоыфдлвоыф</p>\r\n\r\n<p>вдлыфовдыфлвофыдлвофы</p>\r\n\r\n<p>вдлыфо ...','\r',char(13)),'\n',char(10)),'',8,1,3);
INSERT INTO django_admin_log VALUES(67,'2021-05-10 17:34:25.620235','3',replace(replace('Парольная политика | <p>alskjdlaskjdlkasjdlaks</p>\r\n\r\n<p>lakdjlaskjdlksajdlaskjd</p>\r\n\r\n<p>kjasldkjaslkdjslakdjlkasjda</p ...','\r',char(13)),'\n',char(10)),'',8,1,3);
INSERT INTO django_admin_log VALUES(68,'2021-05-10 17:34:25.720104','2',replace(replace('Социальная инженерия | <p>лорылвофырвлофырвлфыовррррррлооооооооооооооооооооооооооооооооооооофывфыв</p>\r\n\r\n<p>фывфывыфвфывфы ...','\r',char(13)),'\n',char(10)),'',8,1,3);
INSERT INTO django_admin_log VALUES(69,'2021-05-10 17:34:25.797677','1','Социальная инженерия | <p style="text-align:justify">alskjdlkajsldkjasldkjsalkdjsaldkjasldkjsalkdjsalkdjsalkdjlaskjdlsakjdl ...','',8,1,3);
INSERT INTO django_admin_log VALUES(70,'2021-05-10 17:34:37.370621','8','Парольная политика | <p><span style="font-size:12pt"><span style="font-family:''Times New Roman''"><span style="color:#0000 ...','[]',8,1,2);
INSERT INTO django_admin_log VALUES(71,'2021-05-10 17:37:23.305288','9','Парольная политика | <p style="text-align:justify"><span style="font-size:12pt"><span style="font-family:''Times New Roman ...','[{"added": {}}]',8,1,1);
INSERT INTO django_admin_log VALUES(72,'2021-05-10 18:14:59.081009','8','Парольная политика | 2 | <p><span style="font-size:12pt"><span style="font-family:''Times New Roman''"><span style="color:#0000 ...','[{"changed": {"fields": ["\u0421\u043e\u0434\u0435\u0440\u0436\u0430\u043d\u0438\u0435 \u043a\u0430\u0440\u0442\u043e\u0447\u043a\u0438"]}}]',8,1,2);
INSERT INTO django_admin_log VALUES(73,'2021-05-10 18:16:22.919181','8','Парольная политика | 2 | <p><span style="font-size:12pt"><span style="font-family:''Times New Roman''"><span style="color:#0000 ...','[{"changed": {"fields": ["\u0421\u043e\u0434\u0435\u0440\u0436\u0430\u043d\u0438\u0435 \u043a\u0430\u0440\u0442\u043e\u0447\u043a\u0438"]}}]',8,1,2);
INSERT INTO django_admin_log VALUES(74,'2021-05-10 18:24:13.857137','10','Парольная политика | 3 | <p><span style="font-size:12pt"><span style="font-family:''Times New Roman''"><span style="color:#0000 ...','[{"added": {}}]',8,1,1);
INSERT INTO django_admin_log VALUES(75,'2021-05-11 05:40:15.624234','10','Парольная политика | 3 | <p><span style="font-size:12pt"><span style="font-family:''Times New Roman''"><span style="color:#0000 ...','[]',8,1,2);
INSERT INTO django_admin_log VALUES(76,'2021-05-11 05:45:51.149742','11','Парольная политика | 4 | <p><span style="font-size:12pt"><span style="font-family:''Times New Roman''"><span style="color:#0000 ...','[{"added": {}}]',8,1,1);
INSERT INTO django_admin_log VALUES(77,'2021-05-11 07:18:14.700450','12','Парольная политика | 5 | <p><span style="font-size:12pt"><span style="font-family:''Times New Roman''"><span style="color:#0000 ...','[{"added": {}}]',8,1,1);
INSERT INTO django_admin_log VALUES(78,'2021-05-11 07:38:24.951772','13','Социальная инженерия | 1 | <p style="text-align:justify"><span style="font-size:12pt"><span style="font-family:''Times New Roman ...','[{"added": {}}]',8,1,1);
INSERT INTO django_admin_log VALUES(79,'2021-05-11 08:19:55.254214','14','Социальная инженерия | 1 | <p><span style="font-size:12pt"><span style="font-family:''Times New Roman''"><span style="color:#0000 ...','[{"added": {}}]',8,1,1);
INSERT INTO django_admin_log VALUES(80,'2021-05-11 08:23:05.288154','14','Социальная инженерия | 2 | <p><span style="font-size:12pt"><span style="font-family:''Times New Roman''"><span style="color:#0000 ...','[{"changed": {"fields": ["\u0421\u043e\u0434\u0435\u0440\u0436\u0430\u043d\u0438\u0435 \u043a\u0430\u0440\u0442\u043e\u0447\u043a\u0438", "\u041f\u043e\u0440\u044f\u0434\u043a\u043e\u0432\u044b\u0439 \u043d\u043e\u043c\u0435\u0440 \u043a\u0430\u0440\u0442\u043e\u0447\u043a\u0438", "\u041e\u0431\u043e\u0437\u043d\u0430\u0447\u0435\u043d\u0438\u0435 \u043a\u0430\u0440\u0442\u043e\u0447\u043a\u0438 \u043f\u0440\u0438 \u043f\u0430\u0433\u0438\u043d\u0430\u0446\u0438\u0438"]}}]',8,1,2);
INSERT INTO django_admin_log VALUES(81,'2021-05-11 08:35:20.412676','14','Социальная инженерия | 2 | <p><span style="font-size:12pt"><span style="font-family:''Times New Roman''"><span style="color:#0000 ...','[{"changed": {"fields": ["\u0421\u043e\u0434\u0435\u0440\u0436\u0430\u043d\u0438\u0435 \u043a\u0430\u0440\u0442\u043e\u0447\u043a\u0438"]}}]',8,1,2);
INSERT INTO django_admin_log VALUES(82,'2021-05-11 08:37:13.892194','14','Социальная инженерия | 2 | <p><span style="font-size:12pt"><span style="font-family:''Times New Roman''"><span style="color:#0000 ...','[{"changed": {"fields": ["\u0421\u043e\u0434\u0435\u0440\u0436\u0430\u043d\u0438\u0435 \u043a\u0430\u0440\u0442\u043e\u0447\u043a\u0438"]}}]',8,1,2);
INSERT INTO django_admin_log VALUES(83,'2021-05-11 08:40:52.212269','14','Социальная инженерия | 2 | <p><span style="font-size:12pt"><span style="font-family:''Times New Roman''"><span style="color:#0000 ...','[{"changed": {"fields": ["\u0421\u043e\u0434\u0435\u0440\u0436\u0430\u043d\u0438\u0435 \u043a\u0430\u0440\u0442\u043e\u0447\u043a\u0438"]}}]',8,1,2);
INSERT INTO django_admin_log VALUES(84,'2021-05-11 08:45:23.591535','15','Социальная инженерия | 3 | <p><span style="font-size:12pt"><span style="font-family:''Times New Roman''"><span style="color:#0000 ...','[{"added": {}}]',8,1,1);
INSERT INTO django_admin_log VALUES(85,'2021-05-11 08:47:08.643839','14','Социальная инженерия | 2 | <p style="text-align:center"><span style="font-size:12pt"><span style="font-family:''Times New Roman'' ...','[{"changed": {"fields": ["\u0421\u043e\u0434\u0435\u0440\u0436\u0430\u043d\u0438\u0435 \u043a\u0430\u0440\u0442\u043e\u0447\u043a\u0438"]}}]',8,1,2);
INSERT INTO django_admin_log VALUES(86,'2021-05-11 08:52:36.583808','16','Социальная инженерия | 4 | <h3 style="text-align:center"><span style="font-size:13.999999999999998pt"><span style="font-family: ...','[{"added": {}}]',8,1,1);
INSERT INTO django_admin_log VALUES(87,'2021-05-11 08:58:36.128778','17','Социальная инженерия | 5 | <h3 style="text-align:center"><span style="font-size:13.999999999999998pt"><span style="font-family: ...','[{"added": {}}]',8,1,1);
INSERT INTO django_admin_log VALUES(88,'2021-05-11 09:18:39.766412','18','Социальная инженерия | 6 | <p><span style="font-size:12pt"><span style="font-family:''Times New Roman''"><span style="color:#0000 ...','[{"added": {}}]',8,1,1);
INSERT INTO django_admin_log VALUES(89,'2021-05-11 09:19:15.104282','19','Социальная инженерия | 7 | <p><span style="font-size:12pt"><span style="font-family:''Times New Roman''"><span style="color:#0000 ...','[{"added": {}}]',8,1,1);
INSERT INTO django_admin_log VALUES(90,'2021-05-11 09:20:36.813089','20','Социальная инженерия | 8 | <h3 style="text-align:center"><span style="font-size:13.999999999999998pt"><span style="font-family: ...','[{"added": {}}]',8,1,1);
INSERT INTO django_admin_log VALUES(91,'2021-05-11 15:18:36.410367','21','фишинг | 1 | <p><span style="font-size:12pt"><span style="font-family:''Times New Roman''"><span style="color:#0000 ...','[{"added": {}}]',8,1,1);
INSERT INTO django_admin_log VALUES(92,'2021-05-11 16:35:08.818389','22','фишинг | 2 | <p><span style="font-size:12pt"><span style="font-family:''Times New Roman''"><span style="color:#0000 ...','[{"added": {}}]',8,1,1);
INSERT INTO django_admin_log VALUES(93,'2021-05-11 16:54:58.553163','23','фишинг | 3 | <p><span style="font-size:12pt"><span style="font-family:''Times New Roman''"><span style="color:#0000 ...','[{"added": {}}]',8,1,1);
INSERT INTO django_admin_log VALUES(94,'2021-05-12 08:40:35.041898','24','фишинг | 4 | <p><span style="font-size:12pt"><span style="font-family:''Times New Roman''"><span style="color:#0000 ...','[{"added": {}}]',8,1,1);
INSERT INTO django_admin_log VALUES(95,'2021-05-12 08:42:40.117216','24','фишинг | 4 | <p><span style="font-size:12pt"><span style="font-family:''Times New Roman''"><span style="color:#0000 ...','[{"changed": {"fields": ["\u0421\u043e\u0434\u0435\u0440\u0436\u0430\u043d\u0438\u0435 \u043a\u0430\u0440\u0442\u043e\u0447\u043a\u0438"]}}]',8,1,2);
INSERT INTO django_admin_log VALUES(96,'2021-05-12 08:52:21.213214','25','Спам | 1 | <p><span style="font-size:12pt"><span style="font-family:''Times New Roman''"><span style="color:#0000 ...','[{"added": {}}]',8,1,1);
INSERT INTO django_admin_log VALUES(97,'2021-05-12 08:52:46.508858','26','Спам | 2 | <p><span style="font-size:12pt"><span style="font-family:''Times New Roman''"><span style="color:#0000 ...','[{"added": {}}]',8,1,1);
INSERT INTO django_admin_log VALUES(98,'2021-05-12 08:53:14.882847','26','Спам | 2 | <p><span style="font-size:12pt"><span style="font-family:''Times New Roman''"><span style="color:#0000 ...','[{"changed": {"fields": ["\u0421\u043e\u0434\u0435\u0440\u0436\u0430\u043d\u0438\u0435 \u043a\u0430\u0440\u0442\u043e\u0447\u043a\u0438"]}}]',8,1,2);
INSERT INTO django_admin_log VALUES(99,'2021-05-12 08:57:04.516464','25','Спам | 1 | <p><span style="font-size:12pt"><span style="font-family:''Times New Roman''"><span style="color:#0000 ...','[{"changed": {"fields": ["\u0421\u043e\u0434\u0435\u0440\u0436\u0430\u043d\u0438\u0435 \u043a\u0430\u0440\u0442\u043e\u0447\u043a\u0438"]}}]',8,1,2);
INSERT INTO django_admin_log VALUES(100,'2021-05-12 08:57:37.658665','26','Спам | 2 | <p><span style="font-size:12pt"><span style="font-family:''Times New Roman''"><span style="color:#0000 ...','[]',8,1,2);
INSERT INTO django_admin_log VALUES(101,'2021-05-13 07:53:03.805428','5','Спам | <p>Спамить плохо?</p>','',13,1,3);
INSERT INTO django_admin_log VALUES(102,'2021-05-13 07:53:04.051650','3','Социальная инженерия | <p>2*2= ?</p>','',13,1,3);
INSERT INTO django_admin_log VALUES(103,'2021-05-13 07:53:04.162262','2','Социальная инженерия | <p>Вопрос 2: Зачем</p>','',13,1,3);
INSERT INTO django_admin_log VALUES(104,'2021-05-13 07:53:04.251044','1','Социальная инженерия | <p>Вопрос № 1 : КААААААААААААААК</p>','',13,1,3);
INSERT INTO django_admin_log VALUES(105,'2021-05-13 07:53:18.513721','4',replace(replace('фишинг | <p><img alt="" class="img-content-card" src="/media/ck_editor_files/2021/04/26/realvk.png" style="height:914px; width:1608px" /></p>\r\n\r\n<p>&nbsp;</p>\r\n\r\n<p>Является ли данная страница сайта v','\r',char(13)),'\n',char(10)),'[{"changed": {"fields": ["\u0422\u0435\u043c\u0430"]}}]',13,1,2);
INSERT INTO django_admin_log VALUES(106,'2021-05-13 08:02:33.414812','6','Парольная политика | <p>Какие из следующих паролей являются плохими?</p>','[{"added": {}}]',13,1,1);
INSERT INTO django_admin_log VALUES(107,'2021-05-13 08:03:59.196012','11','Парольная политика | <p>Какие из следующих паролей являются плохими?</p> || Den4e9_1999','[{"added": {}}]',14,1,1);
INSERT INTO django_admin_log VALUES(108,'2021-05-13 08:05:21.153251','12','Парольная политика | <p>Какие из следующих паролей являются плохими?</p> || 123-qwe-asd-zxc','[{"added": {}}]',14,1,1);
INSERT INTO django_admin_log VALUES(109,'2021-05-13 08:06:18.879829','13','Парольная политика | <p>Какие из следующих паролей являются плохими?</p> || rPlMb5q/bcz50=','[{"added": {}}]',14,1,1);
INSERT INTO django_admin_log VALUES(110,'2021-05-13 08:09:56.505093','14','Парольная политика | <p>Какие из следующих паролей являются плохими?</p> || g00gle-mb|L021','[{"added": {}}]',14,1,1);
INSERT INTO django_admin_log VALUES(111,'2021-05-13 08:10:23.864613','6','Парольная политика | <p>Какие из следующих паролей являются недостаточно сильными?</p>','[{"changed": {"fields": ["\u0421\u043e\u0434\u0435\u0440\u0436\u0430\u043d\u0438\u0435 \u0432\u043e\u043f\u0440\u043e\u0441\u0430"]}}]',13,1,2);
INSERT INTO django_admin_log VALUES(112,'2021-05-13 08:14:25.081511','7','Парольная политика | <p>Каким способом можно получить наиболее оптимальный пароль?</p>','[{"added": {}}]',13,1,1);
INSERT INTO django_admin_log VALUES(113,'2021-05-13 08:15:09.231816','15','Парольная политика | <p>Каким способом можно получить наиболее оптимальный пароль?</p> || Сгенерировать его криптостойким генератором','[{"added": {}}]',14,1,1);
INSERT INTO django_admin_log VALUES(114,'2021-05-13 08:15:15.608994','15','Парольная политика | <p>Каким способом можно получить наиболее оптимальный пароль?</p> || Сгенерировать его криптостойким генератором','[]',14,1,2);
INSERT INTO django_admin_log VALUES(115,'2021-05-13 08:15:53.071690','16','Парольная политика | <p>Каким способом можно получить наиболее оптимальный пароль?</p> || Использовать мнемонические техники для создания и запоминания','[{"added": {}}]',14,1,1);
INSERT INTO django_admin_log VALUES(116,'2021-05-13 08:16:32.510837','17','Парольная политика | <p>Каким способом можно получить наиболее оптимальный пароль?</p> || Создать пароль из расположенных рядом символов','[{"added": {}}]',14,1,1);
INSERT INTO django_admin_log VALUES(117,'2021-05-13 08:20:58.023878','8','Парольная политика | <p>Необходимо ли часто (раз в 2-6 месяцев) менять пароли?</p>','[{"added": {}}]',13,1,1);
INSERT INTO django_admin_log VALUES(118,'2021-05-13 08:21:11.838347','18','Парольная политика | <p>Необходимо ли часто (раз в 2-6 месяцев) менять пароли?</p> || Да','[{"added": {}}]',14,1,1);
INSERT INTO django_admin_log VALUES(119,'2021-05-13 08:21:28.671113','19','Парольная политика | <p>Необходимо ли часто (раз в 2-6 месяцев) менять пароли?</p> || Нет','[{"added": {}}]',14,1,1);
INSERT INTO django_admin_log VALUES(120,'2021-05-13 08:22:20.144269','20','Парольная политика | <p>Необходимо ли часто (раз в 2-6 месяцев) менять пароли?</p> || Нет, если это не противоречит каким-либо требованиям лицензирования','[{"added": {}}]',14,1,1);
INSERT INTO django_admin_log VALUES(121,'2021-05-13 08:26:09.689897','9','Парольная политика | <p>Что можно использовать для упрощения обращения с паролями?</p>','[{"added": {}}]',13,1,1);
INSERT INTO django_admin_log VALUES(122,'2021-05-13 08:26:30.632951','21','Парольная политика | <p>Что можно использовать для упрощения обращения с паролями?</p> || Парольный менеджер','[{"added": {}}]',14,1,1);
INSERT INTO django_admin_log VALUES(123,'2021-05-13 08:27:03.817043','22','Парольная политика | <p>Что можно использовать для упрощения обращения с паролями?</p> || Один пароль для всех сервисов','[{"added": {}}]',14,1,1);
INSERT INTO django_admin_log VALUES(124,'2021-05-13 08:27:55.412198','23','Парольная политика | <p>Что можно использовать для упрощения обращения с паролями?</p> || OpenVPN','[{"added": {}}]',14,1,1);
INSERT INTO django_admin_log VALUES(125,'2021-05-13 08:28:21.961641','24','Парольная политика | <p>Что можно использовать для упрощения обращения с паролями?</p> || OpenID, OpenAuth','[{"added": {}}]',14,1,1);
INSERT INTO django_admin_log VALUES(126,'2021-05-13 08:32:51.861095','10','Парольная политика | <p>Можно ли использовать один пароль для нескольких сервисов?</p>','[{"added": {}}]',13,1,1);
INSERT INTO django_admin_log VALUES(127,'2021-05-13 08:33:01.180111','25','Парольная политика | <p>Можно ли использовать один пароль для нескольких сервисов?</p> || Да','[{"added": {}}]',14,1,1);
INSERT INTO django_admin_log VALUES(128,'2021-05-13 08:33:10.043561','26','Парольная политика | <p>Можно ли использовать один пароль для нескольких сервисов?</p> || Нет','[{"added": {}}]',14,1,1);
INSERT INTO django_admin_log VALUES(129,'2021-05-13 08:33:39.697926','27','Парольная политика | <p>Можно ли использовать один пароль для нескольких сервисов?</p> || Да, если он очень "сильный"','[{"added": {}}]',14,1,1);
INSERT INTO django_admin_log VALUES(130,'2021-05-13 08:34:34.521366','28','Парольная политика | <p>Можно ли использовать один пароль для нескольких сервисов?</p> || Да, если важность этих сервисов для вас не критична, а их ценность мала','[{"added": {}}]',14,1,1);
INSERT INTO django_admin_log VALUES(131,'2021-05-13 08:36:54.551181','3','Парольная политика | Пройти тест по теме парольная политика','[{"added": {}}]',16,1,1);
INSERT INTO django_admin_log VALUES(132,'2021-05-13 08:41:29.272634','11','Социальная инженерия | <p>Что такое социальная инженерия?</p>','[{"added": {}}]',13,1,1);
INSERT INTO django_admin_log VALUES(133,'2021-05-13 08:42:20.059095','29','Социальная инженерия | <p>Что такое социальная инженерия?</p> || Наука о проектировании городской среды для комфортного проживания социума','[{"added": {}}]',14,1,1);
INSERT INTO django_admin_log VALUES(134,'2021-05-13 08:43:06.487916','30','Социальная инженерия | <p>Что такое социальная инженерия?</p> || Наука о человеческом поведении, и том как на него влиять','[{"added": {}}]',14,1,1);
INSERT INTO django_admin_log VALUES(135,'2021-05-13 08:43:49.067268','31','Социальная инженерия | <p>Что такое социальная инженерия?</p> || Наука о создании идеального общества','[{"added": {}}]',14,1,1);
INSERT INTO django_admin_log VALUES(136,'2021-05-13 08:45:22.434594','12','Социальная инженерия | <p>Вам позвонил с известного вам номера незнакомый человек и сообщил о некоторой проблеме, а также попросил вас кое о чем для ее решения. Что вы сделаете?</p>','[{"added": {}}]',13,1,1);
INSERT INTO django_admin_log VALUES(137,'2021-05-13 08:46:10.484530','32','Социальная инженерия | <p>Вам позвонил с известного вам номера незнакомый человек и сообщил о некоторой проблеме, а также попросил вас кое о чем для ее решения. Что вы сделаете?</p> || Сделаю то, что ','[{"added": {}}]',14,1,1);
INSERT INTO django_admin_log VALUES(138,'2021-05-13 08:50:27.090755','33','Социальная инженерия | <p>Вам позвонил с известного вам номера незнакомый человек и сообщил о некоторой проблеме, а также попросил вас кое о чем для ее решения. Что вы сделаете?</p> || Прежде чем что-','[{"added": {}}]',14,1,1);
INSERT INTO django_admin_log VALUES(139,'2021-05-13 08:51:01.381329','34','Социальная инженерия | <p>Вам позвонил с известного вам номера незнакомый человек и сообщил о некоторой проблеме, а также попросил вас кое о чем для ее решения. Что вы сделаете?</p> || Прежде чем что-','[{"added": {}}]',14,1,1);
INSERT INTO django_admin_log VALUES(140,'2021-05-13 08:51:55.722503','35','Социальная инженерия | <p>Вам позвонил с известного вам номера незнакомый человек и сообщил о некоторой проблеме, а также попросил вас кое о чем для ее решения. Что вы сделаете?</p> || Нет, вообще нич','[{"added": {}}]',14,1,1);
INSERT INTO django_admin_log VALUES(141,'2021-05-13 09:01:50.613136','13','Социальная инженерия | <p>Вы решили поработать с конфиденциальной информацией. Что вы будете при этом делать?</p>','[{"added": {}}]',13,1,1);
INSERT INTO django_admin_log VALUES(142,'2021-05-13 09:02:08.171170','36','Социальная инженерия | <p>Вы решили поработать с конфиденциальной информацией. Что вы будете при этом делать?</p> || Просто работать','[{"added": {}}]',14,1,1);
INSERT INTO django_admin_log VALUES(143,'2021-05-13 09:03:37.549708','37','Социальная инженерия | <p>Вы решили поработать с конфиденциальной информацией. Что вы будете при этом делать?</p> || Прежде чем начать работать сяду так, чтобы не было видно мою инфомацию','[{"added": {}}]',14,1,1);
INSERT INTO django_admin_log VALUES(144,'2021-05-13 09:04:27.748600','38','Социальная инженерия | <p>Вы решили поработать с конфиденциальной информацией. Что вы будете при этом делать?</p> || Прежде чем начать работать сяду так, чтобы не было видно мою инфомацию и периодичес','[{"added": {}}]',14,1,1);
INSERT INTO django_admin_log VALUES(145,'2021-05-13 09:07:24.517484','39','Социальная инженерия | <p>Вы решили поработать с конфиденциальной информацией. Что вы будете при этом делать?</p> || Прежде чем При работе буду периодически контролировать не могут ли подсмотреть нахо','[{"added": {}}]',14,1,1);
INSERT INTO django_admin_log VALUES(146,'2021-05-13 09:08:05.457821','14','Социальная инженерия | <p>Вы нашли неизвестную флешку. Что вы будете делать?</p>','[{"added": {}}]',13,1,1);
INSERT INTO django_admin_log VALUES(147,'2021-05-13 09:09:04.975414','40','Социальная инженерия | <p>Вы нашли неизвестную флешку. Что вы будете делать?</p> || Вставлю ее в свой рабочий компьтер, чтобы посмотреть что на ней','[{"added": {}}]',14,1,1);
INSERT INTO django_admin_log VALUES(148,'2021-05-13 09:09:58.651511','41','Социальная инженерия | <p>Вы нашли неизвестную флешку. Что вы будете делать?</p> || Вставлю ее в компьютер соседа','[{"added": {}}]',14,1,1);
INSERT INTO django_admin_log VALUES(149,'2021-05-13 09:11:27.410897','42','Социальная инженерия | <p>Вы нашли неизвестную флешку. Что вы будете делать?</p> || Вставлю ее в не важное устройство изолированное от компьютерной сети','[{"added": {}}]',14,1,1);
INSERT INTO django_admin_log VALUES(150,'2021-05-13 09:11:58.914554','43','Социальная инженерия | <p>Вы нашли неизвестную флешку. Что вы будете делать?</p> || Не буду ее никуда вставлять','[{"added": {}}]',14,1,1);
INSERT INTO django_admin_log VALUES(151,'2021-05-13 09:13:05.350579','15','Социальная инженерия | <p>Какие методы может использовать злоумышленник чтобы заставить вас что-то сделать?</p>','[{"added": {}}]',13,1,1);
INSERT INTO django_admin_log VALUES(152,'2021-05-13 09:14:09.531074','44','Социальная инженерия | <p>Какие методы может использовать злоумышленник чтобы заставить вас что-то сделать?</p> || Говорить о возможных серьезных последствиях','[{"added": {}}]',14,1,1);
INSERT INTO django_admin_log VALUES(153,'2021-05-13 09:15:09.866157','45','Социальная инженерия | <p>Какие методы может использовать злоумышленник чтобы заставить вас что-то сделать?</p> || Упоминать отрывочную информацию о вас чтобы убедить что этот человек тот, за кого он ','[{"added": {}}]',14,1,1);
INSERT INTO django_admin_log VALUES(154,'2021-05-13 09:18:49.811667','46','Социальная инженерия | <p>Какие методы может использовать злоумышленник чтобы заставить вас что-то сделать?</p> || Подгонять вас тем, что времени на раздумия нет','[{"added": {}}]',14,1,1);
INSERT INTO django_admin_log VALUES(155,'2021-05-13 09:33:09.959581','47','Социальная инженерия | <p>Какие методы может использовать злоумышленник чтобы заставить вас что-то сделать?</p> || Подгонять вас тем, что у вас все равно не получится проверить','[{"added": {}}]',14,1,1);
INSERT INTO django_admin_log VALUES(156,'2021-05-13 09:39:05.219103','14','Социальная инженерия | <p>Вы нашли неизвестную флешку. Что вы можете делать?</p>','[{"changed": {"fields": ["\u0421\u043e\u0434\u0435\u0440\u0436\u0430\u043d\u0438\u0435 \u0432\u043e\u043f\u0440\u043e\u0441\u0430"]}}]',13,1,2);
INSERT INTO django_admin_log VALUES(157,'2021-05-13 13:55:15.356200','16','фишинг | <p>Что является признаками фишингового письма</p>','[{"added": {}}]',13,1,1);
INSERT INTO django_admin_log VALUES(158,'2021-05-13 14:10:45.466415','16','фишинг | <p>На что нужно обратить внимание, чтобы понять является ли письмо фишинговым?</p>','[{"changed": {"fields": ["\u0421\u043e\u0434\u0435\u0440\u0436\u0430\u043d\u0438\u0435 \u0432\u043e\u043f\u0440\u043e\u0441\u0430"]}}]',13,1,2);
INSERT INTO django_admin_log VALUES(159,'2021-05-13 14:11:27.537919','48','фишинг | <p>На что нужно обратить внимание, чтобы понять является ли письмо фишинговым?</p> || Адрес отправителя','[{"added": {}}]',14,1,1);
INSERT INTO django_admin_log VALUES(160,'2021-05-13 14:22:44.502831','49','фишинг | <p>На что нужно обратить внимание, чтобы понять является ли письмо фишинговым?</p> || Кем представляется отправитель письма','[{"added": {}}]',14,1,1);
INSERT INTO django_admin_log VALUES(161,'2021-05-13 14:23:29.312989','50','фишинг | <p>На что нужно обратить внимание, чтобы понять является ли письмо фишинговым?</p> || На то куда ведет ссылка','[{"added": {}}]',14,1,1);
INSERT INTO django_admin_log VALUES(162,'2021-05-13 14:28:48.118797','51','фишинг | <p>На что нужно обратить внимание, чтобы понять является ли письмо фишинговым?</p> || Запугивает ли или торопит вас текстовая часть письма','[{"added": {}}]',14,1,1);
INSERT INTO django_admin_log VALUES(163,'2021-05-13 14:30:43.776869','17','фишинг | <p>Как обезопасить свою аутентификационную информацию (пароли и т.д.) при работе в сети интернет?</p>','[{"added": {}}]',13,1,1);
INSERT INTO django_admin_log VALUES(164,'2021-05-13 14:31:18.308202','52','фишинг | <p>Как обезопасить свою аутентификационную информацию (пароли и т.д.) при работе в сети интернет?</p> || Проверять адрес сайта на котором вы вводите свои данные','[{"added": {}}]',14,1,1);
INSERT INTO django_admin_log VALUES(165,'2021-05-13 14:31:53.234956','53','фишинг | <p>Как обезопасить свою аутентификационную информацию (пароли и т.д.) при работе в сети интернет?</p> || Внимательно смотреть на то, как выглядит сайт','[{"added": {}}]',14,1,1);
INSERT INTO django_admin_log VALUES(166,'2021-05-13 14:32:41.738106','54','фишинг | <p>Как обезопасить свою аутентификационную информацию (пароли и т.д.) при работе в сети интернет?</p> || Вводить свои данные только при подключении по HTTPS','[{"added": {}}]',14,1,1);
INSERT INTO django_admin_log VALUES(167,'2021-05-13 14:33:11.794689','55','фишинг | <p>Как обезопасить свою аутентификационную информацию (пароли и т.д.) при работе в сети интернет?</p> || Вводить свои данные только при подключении по HTTP','[{"added": {}}]',14,1,1);
INSERT INTO django_admin_log VALUES(168,'2021-05-13 14:41:41.784423','18','фишинг | <p>Фишинг в контексте информационной безопасности это?</p>','[{"added": {}}]',13,1,1);
INSERT INTO django_admin_log VALUES(169,'2021-05-13 14:41:56.278035','56','фишинг | <p>Фишинг в контексте информационной безопасности это?</p> || Рыбалка','[{"added": {}}]',14,1,1);
INSERT INTO django_admin_log VALUES(170,'2021-05-13 14:42:34.643690','57','фишинг | <p>Фишинг в контексте информационной безопасности это?</p> || Метод социальной инженерии направленный на кражу аутентификационной информации','[{"added": {}}]',14,1,1);
INSERT INTO django_admin_log VALUES(171,'2021-05-13 14:43:22.027539','58','фишинг | <p>Фишинг в контексте информационной безопасности это?</p> || Метод социальной инженерии направленный на поиск информации о жертве','[{"added": {}}]',14,1,1);
INSERT INTO django_admin_log VALUES(172,'2021-05-13 14:44:15.057885','59','фишинг | <p>Фишинг в контексте информационной безопасности это?</p> || Метод социальной инженерии заключающийся в подбрасывании зараженного физического носителя','[{"added": {}}]',14,1,1);
INSERT INTO django_admin_log VALUES(173,'2021-05-13 15:15:16.844597','19',replace(replace('фишинг | <p>&nbsp;</p>\r\n\r\n<p><img alt="" class="img-content-card" src="/media/ck_editor_files/2021/05/13/phishing_email.png" style="height:888px; width:1159px" /></p>\r\n\r\n<p>Является ли данное письмо п','\r',char(13)),'\n',char(10)),'[{"added": {}}]',13,1,1);
INSERT INTO django_admin_log VALUES(174,'2021-05-13 15:15:30.271855','60',replace(replace('фишинг | <p>&nbsp;</p>\r\n\r\n<p><img alt="" class="img-content-card" src="/media/ck_editor_files/2021/05/13/phishing_email.png" style="height:888px; width:1159px" /></p>\r\n\r\n<p>Является ли данное письмо п','\r',char(13)),'\n',char(10)),'[{"added": {}}]',14,1,1);
INSERT INTO django_admin_log VALUES(175,'2021-05-13 15:15:40.485231','61',replace(replace('фишинг | <p>&nbsp;</p>\r\n\r\n<p><img alt="" class="img-content-card" src="/media/ck_editor_files/2021/05/13/phishing_email.png" style="height:888px; width:1159px" /></p>\r\n\r\n<p>Является ли данное письмо п','\r',char(13)),'\n',char(10)),'[{"added": {}}]',14,1,1);
INSERT INTO django_admin_log VALUES(176,'2021-05-13 15:22:14.578535','20','Спам | <p>В каких целях может использоваться спам?</p>','[{"added": {}}]',13,1,1);
INSERT INTO django_admin_log VALUES(177,'2021-05-13 15:22:23.508665','62','Спам | <p>В каких целях может использоваться спам?</p> || Реклама','[{"added": {}}]',14,1,1);
INSERT INTO django_admin_log VALUES(178,'2021-05-13 15:22:34.397016','63','Спам | <p>В каких целях может использоваться спам?</p> || Антиреклама','[{"added": {}}]',14,1,1);
INSERT INTO django_admin_log VALUES(179,'2021-05-13 15:23:03.549335','64','Спам | <p>В каких целях может использоваться спам?</p> || Доставка вредоносного файла','[{"added": {}}]',14,1,1);
INSERT INTO django_admin_log VALUES(180,'2021-05-13 15:23:52.818926','65','Спам | <p>В каких целях может использоваться спам?</p> || Для взлома серверов','[{"added": {}}]',14,1,1);
INSERT INTO django_admin_log VALUES(181,'2021-05-13 15:26:02.342313','21','Спам | <p>Как защититься от возможных последствий подозрительного письма с приложенным файлом?</p>','[{"added": {}}]',13,1,1);
INSERT INTO django_admin_log VALUES(182,'2021-05-13 15:28:02.519373','66','Спам | <p>Как защититься от возможных последствий подозрительного письма с приложенным файлом?</p> || Открывать приложенный файл в изолированной "песочнице" или виртуальной машине','[{"added": {}}]',14,1,1);
INSERT INTO django_admin_log VALUES(183,'2021-05-13 15:30:24.645154','67','Спам | <p>Как защититься от возможных последствий подозрительного письма с приложенным файлом?</p> || Перед открытием файла убедиться в том, что его отправил именно доверенный человек','[{"added": {}}]',14,1,1);
INSERT INTO django_admin_log VALUES(184,'2021-05-13 15:45:37.040898','68','Спам | <p>Как защититься от возможных последствий подозрительного письма с приложенным файлом?</p> || Открывать только файлы распространенных "офисных" форматов','[{"added": {}}]',14,1,1);
INSERT INTO django_admin_log VALUES(185,'2021-05-13 15:54:02.567747','22','Спам | <p>Какие приложенные архивы являются самыми подозрительныим?</p>','[{"added": {}}]',13,1,1);
INSERT INTO django_admin_log VALUES(186,'2021-05-13 15:54:36.635059','69','Спам | <p>Какие приложенные архивы являются самыми подозрительныим?</p> || Формата "rar"','[{"added": {}}]',14,1,1);
INSERT INTO django_admin_log VALUES(187,'2021-05-13 15:54:55.096598','70','Спам | <p>Какие приложенные архивы являются самыми подозрительныим?</p> || Формата "sfx"','[{"added": {}}]',14,1,1);
INSERT INTO django_admin_log VALUES(188,'2021-05-13 15:55:10.044302','71','Спам | <p>Какие приложенные архивы являются самыми подозрительныим?</p> || Зашифрованные архивы','[{"added": {}}]',14,1,1);
INSERT INTO django_admin_log VALUES(189,'2021-05-13 15:55:35.413877','72','Спам | <p>Какие приложенные архивы являются самыми подозрительныим?</p> || Архивы с большим весом','[{"added": {}}]',14,1,1);
INSERT INTO django_admin_log VALUES(190,'2021-05-13 15:57:10.530757','23','Спам | <p>Что нужно сделать перед открытием документов офисного пакета?</p>','[{"added": {}}]',13,1,1);
INSERT INTO django_admin_log VALUES(191,'2021-05-13 15:57:28.825239','73','Спам | <p>Что нужно сделать перед открытием документов офисного пакета?</p> || Проверить его антивирусом','[{"added": {}}]',14,1,1);
INSERT INTO django_admin_log VALUES(192,'2021-05-13 15:58:16.726512','74','Спам | <p>Что нужно сделать перед открытием документов офисного пакета?</p> || Проверить отключен ли автозапуск макросов, отключить его, и не запускать его вручную','[{"added": {}}]',14,1,1);
INSERT INTO django_admin_log VALUES(193,'2021-05-13 15:59:47.135631','75','Спам | <p>Что нужно сделать перед открытием документов офисного пакета?</p> || Запустить виртуальную машину и открыть файл на ней','[{"added": {}}]',14,1,1);
INSERT INTO django_admin_log VALUES(194,'2021-05-13 16:01:20.799182','4','фишинг | Тест по теме "Фишинг"','[{"added": {}}]',16,1,1);
INSERT INTO django_admin_log VALUES(195,'2021-05-13 16:02:18.213995','50','фишинг | <p>На что нужно обратить внимание, чтобы понять является ли письмо фишинговым?</p> || На то, куда ведет ссылка','[{"changed": {"fields": ["\u0422\u0435\u043a\u0441\u0442 \u043e\u0442\u0432\u0435\u0442\u0430"]}}]',14,1,2);
INSERT INTO django_admin_log VALUES(196,'2021-05-13 16:05:15.123285','27','Введение | 1 | <p style="text-align:right"><span style="font-size:11pt"><span style="font-family:Arial"><span style ...','[{"added": {}}]',8,1,1);
INSERT INTO django_admin_log VALUES(197,'2021-05-14 07:42:22.037066','2','user1','',4,1,3);
INSERT INTO django_admin_log VALUES(198,'2021-05-20 15:36:38.930356','24','фишинг | 4 | <p><span style="font-size:12pt"><span style="font-family:''Times New Roman''"><span style="color:#0000 ...','[{"changed": {"fields": ["\u0421\u043e\u0434\u0435\u0440\u0436\u0430\u043d\u0438\u0435 \u043a\u0430\u0440\u0442\u043e\u0447\u043a\u0438"]}}]',8,1,2);
INSERT INTO django_admin_log VALUES(199,'2021-05-20 15:38:59.689800','24','фишинг | 4 | <p><span style="font-size:12pt"><span style="font-family:''Times New Roman''"><span style="color:#0000 ...','[{"changed": {"fields": ["\u0421\u043e\u0434\u0435\u0440\u0436\u0430\u043d\u0438\u0435 \u043a\u0430\u0440\u0442\u043e\u0447\u043a\u0438"]}}]',8,1,2);
CREATE TABLE IF NOT EXISTS "django_content_type" ("id" integer NOT NULL PRIMARY KEY AUTOINCREMENT, "app_label" varchar(100) NOT NULL, "model" varchar(100) NOT NULL);
INSERT INTO django_content_type VALUES(1,'admin','logentry');
INSERT INTO django_content_type VALUES(2,'auth','permission');
INSERT INTO django_content_type VALUES(3,'auth','group');
INSERT INTO django_content_type VALUES(4,'auth','user');
INSERT INTO django_content_type VALUES(5,'contenttypes','contenttype');
INSERT INTO django_content_type VALUES(6,'sessions','session');
INSERT INTO django_content_type VALUES(7,'mainapp','card');
INSERT INTO django_content_type VALUES(8,'mainapp','contentcard');
INSERT INTO django_content_type VALUES(9,'mainapp','topic');
INSERT INTO django_content_type VALUES(10,'easy_thumbnails','source');
INSERT INTO django_content_type VALUES(11,'easy_thumbnails','thumbnail');
INSERT INTO django_content_type VALUES(12,'easy_thumbnails','thumbnaildimensions');
INSERT INTO django_content_type VALUES(13,'questionapp','question');
INSERT INTO django_content_type VALUES(14,'questionapp','answer');
INSERT INTO django_content_type VALUES(15,'mainapp','comment');
INSERT INTO django_content_type VALUES(16,'questionapp','questioncard');
CREATE TABLE IF NOT EXISTS "auth_permission" ("id" integer NOT NULL PRIMARY KEY AUTOINCREMENT, "content_type_id" integer NOT NULL REFERENCES "django_content_type" ("id") DEFERRABLE INITIALLY DEFERRED, "codename" varchar(100) NOT NULL, "name" varchar(255) NOT NULL);
INSERT INTO auth_permission VALUES(1,1,'add_logentry','Can add log entry');
INSERT INTO auth_permission VALUES(2,1,'change_logentry','Can change log entry');
INSERT INTO auth_permission VALUES(3,1,'delete_logentry','Can delete log entry');
INSERT INTO auth_permission VALUES(4,1,'view_logentry','Can view log entry');
INSERT INTO auth_permission VALUES(5,2,'add_permission','Can add permission');
INSERT INTO auth_permission VALUES(6,2,'change_permission','Can change permission');
INSERT INTO auth_permission VALUES(7,2,'delete_permission','Can delete permission');
INSERT INTO auth_permission VALUES(8,2,'view_permission','Can view permission');
INSERT INTO auth_permission VALUES(9,3,'add_group','Can add group');
INSERT INTO auth_permission VALUES(10,3,'change_group','Can change group');
INSERT INTO auth_permission VALUES(11,3,'delete_group','Can delete group');
INSERT INTO auth_permission VALUES(12,3,'view_group','Can view group');
INSERT INTO auth_permission VALUES(13,4,'add_user','Can add user');
INSERT INTO auth_permission VALUES(14,4,'change_user','Can change user');
INSERT INTO auth_permission VALUES(15,4,'delete_user','Can delete user');
INSERT INTO auth_permission VALUES(16,4,'view_user','Can view user');
INSERT INTO auth_permission VALUES(17,5,'add_contenttype','Can add content type');
INSERT INTO auth_permission VALUES(18,5,'change_contenttype','Can change content type');
INSERT INTO auth_permission VALUES(19,5,'delete_contenttype','Can delete content type');
INSERT INTO auth_permission VALUES(20,5,'view_contenttype','Can view content type');
INSERT INTO auth_permission VALUES(21,6,'add_session','Can add session');
INSERT INTO auth_permission VALUES(22,6,'change_session','Can change session');
INSERT INTO auth_permission VALUES(23,6,'delete_session','Can delete session');
INSERT INTO auth_permission VALUES(24,6,'view_session','Can view session');
INSERT INTO auth_permission VALUES(25,7,'add_card','Can add card');
INSERT INTO auth_permission VALUES(26,7,'change_card','Can change card');
INSERT INTO auth_permission VALUES(27,7,'delete_card','Can delete card');
INSERT INTO auth_permission VALUES(28,7,'view_card','Can view card');
INSERT INTO auth_permission VALUES(29,8,'add_content_card','Can add content_ card');
INSERT INTO auth_permission VALUES(30,8,'change_content_card','Can change content_ card');
INSERT INTO auth_permission VALUES(31,8,'delete_content_card','Can delete content_ card');
INSERT INTO auth_permission VALUES(32,8,'view_content_card','Can view content_ card');
INSERT INTO auth_permission VALUES(33,8,'add_contentcard','Can add content card');
INSERT INTO auth_permission VALUES(34,8,'change_contentcard','Can change content card');
INSERT INTO auth_permission VALUES(35,8,'delete_contentcard','Can delete content card');
INSERT INTO auth_permission VALUES(36,8,'view_contentcard','Can view content card');
INSERT INTO auth_permission VALUES(37,9,'add_topic','Can add topic');
INSERT INTO auth_permission VALUES(38,9,'change_topic','Can change topic');
INSERT INTO auth_permission VALUES(39,9,'delete_topic','Can delete topic');
INSERT INTO auth_permission VALUES(40,9,'view_topic','Can view topic');
INSERT INTO auth_permission VALUES(41,10,'add_source','Can add source');
INSERT INTO auth_permission VALUES(42,10,'change_source','Can change source');
INSERT INTO auth_permission VALUES(43,10,'delete_source','Can delete source');
INSERT INTO auth_permission VALUES(44,10,'view_source','Can view source');
INSERT INTO auth_permission VALUES(45,11,'add_thumbnail','Can add thumbnail');
INSERT INTO auth_permission VALUES(46,11,'change_thumbnail','Can change thumbnail');
INSERT INTO auth_permission VALUES(47,11,'delete_thumbnail','Can delete thumbnail');
INSERT INTO auth_permission VALUES(48,11,'view_thumbnail','Can view thumbnail');
INSERT INTO auth_permission VALUES(49,12,'add_thumbnaildimensions','Can add thumbnail dimensions');
INSERT INTO auth_permission VALUES(50,12,'change_thumbnaildimensions','Can change thumbnail dimensions');
INSERT INTO auth_permission VALUES(51,12,'delete_thumbnaildimensions','Can delete thumbnail dimensions');
INSERT INTO auth_permission VALUES(52,12,'view_thumbnaildimensions','Can view thumbnail dimensions');
INSERT INTO auth_permission VALUES(53,13,'add_question','Can add question');
INSERT INTO auth_permission VALUES(54,13,'change_question','Can change question');
INSERT INTO auth_permission VALUES(55,13,'delete_question','Can delete question');
INSERT INTO auth_permission VALUES(56,13,'view_question','Can view question');
INSERT INTO auth_permission VALUES(57,14,'add_answer','Can add answer');
INSERT INTO auth_permission VALUES(58,14,'change_answer','Can change answer');
INSERT INTO auth_permission VALUES(59,14,'delete_answer','Can delete answer');
INSERT INTO auth_permission VALUES(60,14,'view_answer','Can view answer');
INSERT INTO auth_permission VALUES(61,15,'add_comment','Can add comment');
INSERT INTO auth_permission VALUES(62,15,'change_comment','Can change comment');
INSERT INTO auth_permission VALUES(63,15,'delete_comment','Can delete comment');
INSERT INTO auth_permission VALUES(64,15,'view_comment','Can view comment');
INSERT INTO auth_permission VALUES(65,16,'add_questioncard','Can add question card');
INSERT INTO auth_permission VALUES(66,16,'change_questioncard','Can change question card');
INSERT INTO auth_permission VALUES(67,16,'delete_questioncard','Can delete question card');
INSERT INTO auth_permission VALUES(68,16,'view_questioncard','Can view question card');
CREATE TABLE IF NOT EXISTS "auth_group" ("id" integer NOT NULL PRIMARY KEY AUTOINCREMENT, "name" varchar(150) NOT NULL UNIQUE);
CREATE TABLE IF NOT EXISTS "auth_user" ("id" integer NOT NULL PRIMARY KEY AUTOINCREMENT, "password" varchar(128) NOT NULL, "last_login" datetime NULL, "is_superuser" bool NOT NULL, "username" varchar(150) NOT NULL UNIQUE, "last_name" varchar(150) NOT NULL, "email" varchar(254) NOT NULL, "is_staff" bool NOT NULL, "is_active" bool NOT NULL, "date_joined" datetime NOT NULL, "first_name" varchar(150) NOT NULL);
INSERT INTO auth_user VALUES(1,'pbkdf2_sha256$216000$o9wsK0Vk0w2h$YodVEY+wAwPgphrCZxmU2qdkyyUGSvlU0N00wmzOnSY=','2021-05-20 15:33:50.740306',1,'den','','',1,1,'2021-03-04 12:14:37.375464','');
CREATE TABLE IF NOT EXISTS "django_session" ("session_key" varchar(40) NOT NULL PRIMARY KEY, "session_data" text NOT NULL, "expire_date" datetime NOT NULL);
INSERT INTO django_session VALUES('uqj965l29ouraae5w785rygtyiaih4v4','.eJxVjM0OwiAQhN-FsyFgy48evfcZyC67SNVAUtqT8d2lSQ96mGQy38y8RYBtzWFrvISZxFVocfrNEOKTyw7oAeVeZaxlXWaUe0UetMmpEr9uR_fvIEPLfW0vxg9aGcKBne6mi1i5EdlHhconwqhAOwM4ekYAOrsUbWJrUVsjPl_PmDgW:1lHmt1:30E6V5P2CXx5b5PoDaPqfWFY8_ysVscXozpZ_4YrJkk','2021-03-18 12:15:23.090652');
INSERT INTO django_session VALUES('buw2vgc1p6yed0wxdtcu479mnnw4c34p','.eJxVjM0OwiAQhN-FsyFgy48evfcZyC67SNVAUtqT8d2lSQ96mGQy38y8RYBtzWFrvISZxFVocfrNEOKTyw7oAeVeZaxlXWaUe0UetMmpEr9uR_fvIEPLfW0vxg9aGcKBne6mi1i5EdlHhconwqhAOwM4ekYAOrsUbWJrUVsjPl_PmDgW:1lPJhA:t60pbzLZA_qfGb9VJ14hBcx-vLkwfpTcLwz1IzLrVRY','2021-04-08 06:42:16.959100');
INSERT INTO django_session VALUES('gimusls92z6xmdtuljcxswzry5018abk','eyJzY29yZSI6MCwiY291bnQiOjB9:1lgAAm:mpslknKrTDaVTFPLI4VR6b9joZnz5SBdcwCQiiLY8ds','2021-05-24 17:58:28.810789');
INSERT INTO django_session VALUES('wyuq5mlqqdqm0svn5chxsmjji0dr3puc','eyJzY29yZSI6MCwiY291bnQiOjB9:1lhDzA:9fnOqmANfHFZ6j1bhScJfzJ2riKNgUCZWUHAiPlu8ug','2021-05-27 16:14:52.833639');
INSERT INTO django_session VALUES('1ya1ra96jpbqx30r4kcch58008n2pxlb','.eJxVjEEOgjAQRe8ya9K0WFrL0j1nINOZqaCmTSisjHcXEha6_e_994YRt3UatyrLODP0YKD53SLSU_IB-IH5XhSVvC5zVIeiTlrVUFhet9P9C0xYp_3tjItiyDkvtjVo-KK5C6xTwpRCSBx0JELb6t3zTD5iYh20lc5fxbo9WqksAr1tgMqWV-i7zxeoMT7G:1llVRy:42KK4QWSpHbhCHQ4-CbrJ3wA2jNepeJE7-kuiKEBMKo','2021-06-08 11:42:18.576817');
INSERT INTO django_session VALUES('ifh8qvqmhzhsjecd4dlr33pgzhmfe3y5','eyJzY29yZSI6NSwiY291bnQiOjV9:1maC9l:SuuiMR8K77ohIB8cBmx59_crMsEDvA8KnDZAJGfjGnc','2021-10-26 07:25:01.001032');
CREATE TABLE IF NOT EXISTS "mainapp_topic" ("id" integer NOT NULL PRIMARY KEY AUTOINCREMENT, "topic" varchar(128) NOT NULL);
INSERT INTO mainapp_topic VALUES(1,'Социальная инженерия');
INSERT INTO mainapp_topic VALUES(2,'фишинг');
INSERT INTO mainapp_topic VALUES(3,'Введение');
INSERT INTO mainapp_topic VALUES(4,'Парольная политика');
INSERT INTO mainapp_topic VALUES(5,'Спам');
CREATE TABLE IF NOT EXISTS "easy_thumbnails_source" ("id" integer NOT NULL PRIMARY KEY AUTOINCREMENT, "storage_hash" varchar(40) NOT NULL, "name" varchar(255) NOT NULL, "modified" datetime NOT NULL);
INSERT INTO easy_thumbnails_source VALUES(1,'f9bde26a1556cd667f742bd34ec7c55e','card_img/phishing_NMhopXI.webp','2021-04-17 07:07:03.847275');
INSERT INTO easy_thumbnails_source VALUES(2,'f9bde26a1556cd667f742bd34ec7c55e','card_img/introduction.jpg','2021-04-26 08:05:39.348557');
INSERT INTO easy_thumbnails_source VALUES(3,'f9bde26a1556cd667f742bd34ec7c55e','card_img/bad_pswd.png','2021-04-26 08:05:39.721094');
INSERT INTO easy_thumbnails_source VALUES(4,'f9bde26a1556cd667f742bd34ec7c55e','card_img/spam.webp','2021-04-26 08:05:40.078454');
INSERT INTO easy_thumbnails_source VALUES(5,'f9bde26a1556cd667f742bd34ec7c55e','card_img/social_ing.jpg','2021-04-26 08:08:20.921820');
INSERT INTO easy_thumbnails_source VALUES(6,'f9bde26a1556cd667f742bd34ec7c55e','card_img/social_ing_wakbN7S.jpg','2021-05-06 07:51:16.508412');
INSERT INTO easy_thumbnails_source VALUES(7,'f9bde26a1556cd667f742bd34ec7c55e','card_img/is_my_pswd_safe_Парольная_политика.png','2021-05-13 08:36:58.291196');
INSERT INTO easy_thumbnails_source VALUES(8,'f9bde26a1556cd667f742bd34ec7c55e','card_img/phishing_xdO6Czg.webp','2021-05-13 16:01:24.236235');
CREATE TABLE IF NOT EXISTS "easy_thumbnails_thumbnail" ("id" integer NOT NULL PRIMARY KEY AUTOINCREMENT, "storage_hash" varchar(40) NOT NULL, "name" varchar(255) NOT NULL, "modified" datetime NOT NULL, "source_id" integer NOT NULL REFERENCES "easy_thumbnails_source" ("id") DEFERRABLE INITIALLY DEFERRED);
INSERT INTO easy_thumbnails_thumbnail VALUES(1,'d26becbf46ac48eda79c7a39a13a02dd','card_img/phishing_NMhopXI.webp.300x200_q85_crop.jpg','2021-04-17 07:06:46.976051',1);
INSERT INTO easy_thumbnails_thumbnail VALUES(2,'d26becbf46ac48eda79c7a39a13a02dd','card_img/phishing_NMhopXI.webp.300x300_q85_crop.jpg','2021-04-17 07:06:53.200361',1);
INSERT INTO easy_thumbnails_thumbnail VALUES(3,'d26becbf46ac48eda79c7a39a13a02dd','card_img/phishing_NMhopXI.webp.400x200_q85_crop.jpg','2021-04-17 07:07:03.985020',1);
INSERT INTO easy_thumbnails_thumbnail VALUES(4,'d26becbf46ac48eda79c7a39a13a02dd','card_img/introduction.jpg.400x200_q85_crop.jpg','2021-04-26 08:05:39.505614',2);
INSERT INTO easy_thumbnails_thumbnail VALUES(5,'d26becbf46ac48eda79c7a39a13a02dd','card_img/bad_pswd.png.400x200_q85_crop.jpg','2021-04-26 08:05:39.905466',3);
INSERT INTO easy_thumbnails_thumbnail VALUES(6,'d26becbf46ac48eda79c7a39a13a02dd','card_img/spam.webp.400x200_q85_crop.png','2021-04-26 08:05:40.160297',4);
INSERT INTO easy_thumbnails_thumbnail VALUES(7,'d26becbf46ac48eda79c7a39a13a02dd','card_img/social_ing.jpg.400x200_q85_crop.jpg','2021-04-26 08:08:21.007966',5);
INSERT INTO easy_thumbnails_thumbnail VALUES(8,'d26becbf46ac48eda79c7a39a13a02dd','card_img/social_ing_wakbN7S.jpg.400x200_q85_crop.jpg','2021-05-06 07:51:16.598258',6);
INSERT INTO easy_thumbnails_thumbnail VALUES(9,'d26becbf46ac48eda79c7a39a13a02dd','card_img/is_my_pswd_safe_Парольная_политика.png.400x200_q85_crop.png','2021-05-13 08:36:58.467678',7);
INSERT INTO easy_thumbnails_thumbnail VALUES(10,'d26becbf46ac48eda79c7a39a13a02dd','card_img/phishing_xdO6Czg.webp.400x200_q85_crop.jpg','2021-05-13 16:01:24.372678',8);
CREATE TABLE IF NOT EXISTS "easy_thumbnails_thumbnaildimensions" ("id" integer NOT NULL PRIMARY KEY AUTOINCREMENT, "thumbnail_id" integer NOT NULL UNIQUE REFERENCES "easy_thumbnails_thumbnail" ("id") DEFERRABLE INITIALLY DEFERRED, "width" integer unsigned NULL CHECK ("width" >= 0), "height" integer unsigned NULL CHECK ("height" >= 0));
CREATE TABLE IF NOT EXISTS "mainapp_contentcard" ("id" integer NOT NULL PRIMARY KEY AUTOINCREMENT, "text" text NOT NULL, "label" varchar(32) NOT NULL, "order" integer NOT NULL, "topic_id" integer NOT NULL REFERENCES "mainapp_topic" ("id") DEFERRABLE INITIALLY DEFERRED);
INSERT INTO mainapp_contentcard VALUES(8,replace(replace('<p><span style="font-size:12pt"><span style="font-family:''Times New Roman''"><span style="color:#000000">&nbsp;&nbsp;&nbsp; Прежде всего разберем какие пароли точно нельзя использовать.</span></span></span></p>\r\n\r\n<p><span style="font-size:12pt"><span style="font-family:''Times New Roman''"><span style="color:#000000"><img alt="" class="img-content-card" src="/media/ck_editor_files/2021/04/26/screenshot_2021-04-26.png" style="height:300px; width:710px" /></span></span></span></p>\r\n\r\n<ol>\r\n	<li style="list-style-type:decimal"><span style="font-size:12pt"><span style="font-family:''Times New Roman''"><span style="color:#000000">Пароль меньше 10 символов не рекомендуется ввиду того, что на данный момент считается что у них недостаточно высокая защищенность от простого перебора.</span></span></span></li>\r\n	<li style="list-style-type:decimal"><span style="font-size:12pt"><span style="font-family:''Times New Roman''"><span style="color:#000000">Пароли по умолчанию - это первое, что будет проверено хакером в попытках подобрать пароль. Такой пароль будет подобран менее чем за секунду!</span></span></span></li>\r\n	<li style="list-style-type:decimal"><span style="font-size:12pt"><span style="font-family:''Times New Roman''"><span style="color:#000000">Под словарным словом имеется в виду некоторое слово или устойчивое словосочетание. Да, это тоже считается недостаточно защищенным. Конечно, сложность подбора этого слова зависит от его популярности. Но даже если паролем будет какое-нибудь очень редкое слово, которое вообще мало кому придет в голову (к примеру &ldquo;синхрофазотрон&rdquo;), то оно все равно может быть подобрано. Пускай это и займет существенно больше времени в сравнении с каким-нибудь популярным словом.</span></span></span></li>\r\n	<li style="list-style-type:decimal"><span style="font-size:12pt"><span style="font-family:''Times New Roman''"><span style="color:#000000">Тут тоже все просто: личная информация это то, что будет проверено в числе первых, особенно при атаке на конкретного пользователя. Эта информация может быть получена как из открытых источников, потому что в интернете, хотите вы этого или нет, уже содержится достаточно много информации о вас. Причем зачастую вы сами же и выставляете эту информацию. Под личными данными подразумевается все что относится лично к вам: ваше имя, фамилия, отчество, имя кого-то/чего-то важного для вас, название вашего города, организации и т.д.</span></span></span></li>\r\n	<li style="list-style-type:decimal"><span style="font-size:12pt"><span style="font-family:''Times New Roman''"><span style="color:#000000">Этот пункт тоже будет проверен одним из первых. Под информацией о ресурсе имеется ввиду его название или ассоциация с ним.&nbsp;</span></span></span></li>\r\n	<li style="list-style-type:decimal"><span style="font-size:12pt"><span style="font-family:''Times New Roman''"><span style="color:#000000">Цифры лишь немного усиливают предыдущие пароли, поэтому они не являются достаточным методом их усиления.</span></span></span></li>\r\n	<li style="list-style-type:decimal"><span style="font-size:12pt"><span style="font-family:''Times New Roman''"><span style="color:#000000">Тут тоже самое что и в предыдущем пункте. Все эти замены вполне очевидны и не добавляют большого количества вариантов.</span></span></span></li>\r\n	<li style="list-style-type:decimal"><span style="font-size:12pt"><span style="font-family:''Times New Roman''"><span style="color:#000000">Это является очевидным, что некоторое количество людей в целях удобства набора пароля выберет пароль, состоящий из расположенных рядом символов. Поэтому комбинации из стоящих рядом клавиш тоже будут проверены в числе первых.</span></span></span></li>\r\n	<li style="list-style-type:decimal"><span style="font-size:12pt"><span style="font-family:''Times New Roman''"><span style="color:#000000">Комбинации и повторы предыдущих методов тоже являются популярными, поэтому такие варианты тоже будут проверены. Пускай это и усложнит процесс подбора в сравнении с предыдущими методами.</span></span></span></li>\r\n</ol>\r\n\r\n<p>&nbsp;</p>\r\n\r\n<p><span style="font-size:12pt"><span style="font-family:''Times New Roman''"><span style="color:#000000">&nbsp;&nbsp;&nbsp; Приведенный выше список не является исчерпывающим, но по моему мнению избегания паролей из данного списка вполне достаточно.</span></span></span></p>\r\n\r\n<p><span style="font-size:12pt"><span style="font-family:''Times New Roman''"><span style="color:#000000">&nbsp;&nbsp;&nbsp; Ранее мы &ldquo;очертили границу&rdquo; плохих паролей, а теперь давайте поговорим о хороших паролях и как их получить.</span></span></span></p>\r\n\r\n<p>&nbsp;</p>\r\n\r\n<p style="text-align:justify"><span style="font-size:12pt"><span style="font-family:''Times New Roman''"><span style="color:#000000">&nbsp;&nbsp;&nbsp; Идеальный с точки зрения безопасности вариант - это сгенерированный криптостойким генератором пароль (он будет состоять из случайных символов) как можно большей длины. Но так как этот вариант крайне сложно запомнить, этот вариант не считается оптимальным. Чтобы не слишком затягивать материал перейдем к самому оптимальному - мнемоническим методам.</span></span></span></p>\r\n\r\n<p style="text-align:justify"><img alt="" class="img-content-card" src="/media/ck_editor_files/2021/05/10/screenshot_2021-05-10.png" style="height:458px; width:342px" /></p>\r\n\r\n<p><span style="font-size:12pt"><span style="font-family:''Times New Roman''"><span style="color:#000000">PS: мнемоника - это набор техник, которые облегчают запоминание информации путем создания легко запоминаемых ассоциаций.</span></span></span></p>','\r',char(13)),'\n',char(10)),'2',2,4);
INSERT INTO mainapp_contentcard VALUES(9,replace(replace('<p style="text-align:justify"><span style="font-size:12pt"><span style="font-family:''Times New Roman''"><span style="color:#000000">&nbsp;&nbsp;&nbsp; Разграничение доступа это один из главных, если вообще не самый главный механизм обеспечения безопасности в целом.&nbsp;</span></span></span></p>\r\n\r\n<p style="text-align:justify"><span style="font-size:12pt"><span style="font-family:''Times New Roman''"><span style="color:#000000">&nbsp;&nbsp;&nbsp; Аутентификация является одним из самых важных элементов при реализации системы разграничения доступа. Цель аутентификации - проверка доказательств, что вы являетесь тем, кем вы представились. А самым распространенным методом аутентификации является парольный метод. Поэтому нам очень важно рассмотреть некоторые вопросы связанные с паролями.&nbsp;</span></span></span></p>\r\n\r\n<p style="text-align:justify"><span style="font-size:12pt"><span style="font-family:''Times New Roman''"><span style="color:#000000">&nbsp;</span></span></span><span style="font-size:12pt"><span style="font-family:''Times New Roman''"><span style="color:#000000">&nbsp;&nbsp;&nbsp; </span></span></span><span style="font-size:12pt"><span style="font-family:''Times New Roman''"><span style="color:#000000">Давайте узнаем,&nbsp; что определяет качество пароля, и как выбрать хороший пароль. Под хорошим в данном случае имеется в виду тот пароль, подбор которого почти невозможен. И даже в случае, если злоумышленник украдет файл, содержащий аутентификационную информацию для системы, в котором хранится хеш вашего пароля, то восстановление вашего пароля из хеша будет чрезвычайно сложным.&nbsp;</span></span></span></p>\r\n\r\n<p style="text-align:justify"><span style="font-size:12pt"><span style="font-family:''Times New Roman''"><span style="color:#000000">&nbsp;&nbsp;&nbsp; PS: Хеш - это результат работы хеш-функции которая осуществляет одностороннее преобразование входного значения/аргумента (в нашем контексте пароля) в выходной результат фиксированной длины (хеш). Под односторонним преобразованием имеется в виду то, что из аргумента легко получить значение функции (хеш). А из значения функции (хеша) получить значение аргумента (пароля) крайне сложно.</span></span></span></p>','\r',char(13)),'\n',char(10)),'1',1,4);
INSERT INTO mainapp_contentcard VALUES(10,replace(replace('<p><span style="font-size:12pt"><span style="font-family:''Times New Roman''"><span style="color:#000000">&nbsp;&nbsp;&nbsp; Рассмотрим классический комикс от XKCD о проблеме выбора пароля и последующего его использования.&nbsp;</span></span></span></p>\r\n\r\n<p><span style="font-size:12pt"><span style="font-family:''Times New Roman''"><span style="color:#000000"><img alt="" class="img-content-card" src="/media/ck_editor_files/2021/05/10/xkcd.png" style="height:533px; width:656px" /></span></span></span></p>\r\n\r\n<p><span style="font-size:12pt"><span style="font-family:''Times New Roman''"><span style="color:#000000">&nbsp;&nbsp;&nbsp; В верхней части приводится пример плохого во всех смыслах пароля. Ранее мы уже рассмотрели критерии плохого пароля, который можно взломать. И исходя из них, приведенный пароль является плохим. Более того здесь поднимаются вопросы применения данного пароля, и исходя из них пароль также является плохим. Его трудно запомнить, что несет в себе много потенциальных проблем и неудобств. В общем, никогда не создавайте пароли по принципам, которые отображены в верхней части.</span></span></span></p>\r\n\r\n<p><span style="font-size:12pt"><span style="font-family:''Times New Roman''"><span style="color:#000000">&nbsp;&nbsp;&nbsp; В нижней части рассматривается метод, который по мнению автора комикса является более оптимальным. Его суть заключается в выборе нескольких (в данном случае 4ех) случайных слов и составлении из них пароля. А чтобы запомнить эти 4 случайных слова была выдуман комичный диалог в котором в котором вы даете ответ &ldquo;</span></span></span><span style="font-size:12pt"><span style="font-family:''Times New Roman''"><span style="color:#000000"><u>правильно</u></span></span></span><span style="font-size:12pt"><span style="font-family:''Times New Roman''"><span style="color:#000000">&rdquo; для </span></span></span><span style="font-size:12pt"><span style="font-family:''Times New Roman''"><span style="color:#000000"><u>лошади</u></span></span></span><span style="font-size:12pt"><span style="font-family:''Times New Roman''"><span style="color:#000000">, которая говорит: &ldquo;это же </span></span></span><span style="font-size:12pt"><span style="font-family:''Times New Roman''"><span style="color:#000000"><u>батарея</u></span></span></span><span style="font-size:12pt"><span style="font-family:''Times New Roman''"><span style="color:#000000"> со </span></span></span><span style="font-size:12pt"><span style="font-family:''Times New Roman''"><span style="color:#000000"><u>скобкой&rdquo;</u></span></span></span><span style="font-size:12pt"><span style="font-family:''Times New Roman''"><span style="color:#000000">, по поводу батареи со скобкой которая тоже находится в выдуманной ситуации. И вот просто представив лошадь и батарею со скобкой вы уже вспомнили пароль.</span></span></span></p>\r\n\r\n<p><span style="font-size:12pt"><span style="font-family:''Times New Roman''"><span style="color:#000000">&nbsp;&nbsp;&nbsp; Нижний вариант с картинки является более хорошим в сравнении с тем что приводится сверху - его существенно проще запомнить, и его сложнее подобрать. Но по мнению сообщества людей из сферы информационной безопасности, с этим вариантом тоже не все так радужно (</span></span></span><a href="https://security.stackexchange.com/questions/6095/xkcd-936-short-complex-password-or-long-dictionary-passphrase" style="text-decoration:none"><span style="font-size:12pt"><span style="font-family:''Times New Roman''"><span style="color:#1155cc"><u>ссылка</u></span></span></span></a><span style="font-size:12pt"><span style="font-family:''Times New Roman''"><span style="color:#000000">).&nbsp; По мнению комментаторов с данного ресурса у данного варианта есть две проблемы.</span></span></span></p>\r\n\r\n<p><span style="font-size:12pt"><span style="font-family:''Times New Roman''"><span style="color:#000000">&nbsp;&nbsp;&nbsp; Первая это то, что такого вида пароли будет неудобно набирать. Действительно, например в данном варианте придется вводить 25 символов. А в некоторых вариантах их будет еще больше. Это может доставлять тем, кто будет вводить такой пароль дискомфорт. Ведь одно из правил построения систем безопасности - система должна быть психологически приемлемой. Т.е. принимаемые меры безопасности не должны сильно мешать людям и доставлять им дискомфорт.</span></span></span></p>\r\n\r\n<p><img alt="" class="img-content-card" src="/media/ck_editor_files/2021/05/10/is-my-pswd-safe.png" style="height:495px; width:654px" /></p>\r\n\r\n<p><span style="font-size:12pt"><span style="font-family:''Times New Roman''"><span style="color:#000000">&nbsp;&nbsp;&nbsp; А второй проблемой является то, что данный метод все равно не всегда может давать серьёзные гарантии, что пароль не подберут. Конечно, можно увеличить количество слов из которых будет составлен пароль, и в таком случае сложность подбора пароля возрастет. Но в таком случае мы еще сильнее усугубим первую проблему. В итоге пытаясь решить одну проблему, мы будем усугублять вторую, и в данном случае эта проблема являет собой аксиому Эскобара.</span></span></span></p>\r\n\r\n<p><span style="font-size:12pt"><span style="font-family:''Times New Roman''"><span style="color:#000000">&nbsp;&nbsp;&nbsp; Резюмирую, данный метод вполне неплох, хотя он и не обеспечивает высокую степень защиты. Но не стоит выкидывать его на свалку истории. Чуть позже я расскажу в каких случаях он все же может пригодится.</span></span></span></p>','\r',char(13)),'\n',char(10)),'3',3,4);
INSERT INTO mainapp_contentcard VALUES(11,replace(replace('<p><span style="font-size:12pt"><span style="font-family:''Times New Roman''"><span style="color:#000000">&nbsp;&nbsp;&nbsp; А сейчас я предложу вам, по моему мнению, наиболее удачный способ создания&nbsp; пароля, пользуясь которым вам будет несложно вспомнить его. При этом данный пароль будет еще и достаточно сильным, чтобы его было чрезвычайно сложно подобрать.&nbsp; Суть способа заключается в следующем: вы придумываете или выбираете некоторое предложение или несколько предложений, и по некоторому легко запоминаемому правилу берете оттуда символы, которые и будут вашим паролем.</span></span></span></p>\r\n\r\n<p><span style="font-size:12pt"><span style="font-family:''Times New Roman''"><span style="color:#000000">&nbsp;&nbsp;&nbsp; Приведу пример, на котором вам точно станет понятно как это работает. Возьмем некоторый текст. В данном случае стихотворение Блока. В данном примере текст будет на русском, но когда вы будете в реальности использовать метод, то текст должен быть на английском</span></span></span></p>\r\n\r\n<p><span style="font-size:12pt"><span style="font-family:''Times New Roman''"><span style="color:#3c3c3c"><em>&nbsp;&nbsp;&nbsp; Ночь, улица, фонарь, аптека,</em></span></span></span></p>\r\n\r\n<p><span style="font-size:12pt"><span style="font-family:''Times New Roman''"><span style="color:#3c3c3c"><em>&nbsp;&nbsp;&nbsp; Бессмысленный и тусклый свет. </em></span></span></span></p>\r\n\r\n<p><span style="font-size:12pt"><span style="font-family:''Times New Roman''"><span style="color:#3c3c3c"><em>&nbsp;&nbsp;&nbsp; Живи еще хоть четверть века &mdash;</em></span></span></span></p>\r\n\r\n<p><span style="font-size:12pt"><span style="font-family:''Times New Roman''"><span style="color:#3c3c3c"><em>&nbsp;&nbsp;&nbsp; Всё будет так. Исхода нет.</em></span></span></span></p>\r\n\r\n<p><span style="font-size:12pt"><span style="font-family:''Times New Roman''"><span style="color:#000000"><em>&nbsp;</em></span></span></span><span style="font-size:12pt"><span style="font-family:''Times New Roman''"><span style="color:#000000">&nbsp;&nbsp;&nbsp;&nbsp;&nbsp;&nbsp;&nbsp;&nbsp;&nbsp;&nbsp;&nbsp;&nbsp;</span></span></span></p>\r\n\r\n<p><span style="font-size:12pt"><span style="font-family:''Times New Roman''"><span style="color:#000000">&nbsp;&nbsp;&nbsp; Теперь выберем правило по которому мы будем выбирать символы. В данном случае я выберу самый банальный - первые буквы слов и знаки препинания в том порядке в котором они идут в повествовании.&nbsp;</span></span></span></p>\r\n\r\n<p><span style="font-size:12pt"><span style="font-family:''Times New Roman''"><span style="color:#000000">&nbsp;&nbsp;&nbsp; В целом, чтобы набрать достаточное количество символов для примера нам хватит 2 строк, но в при реальном использовании желательно чтобы было немного побольше символов. Итак мы получаем следующий пароль из 13 символов: &ldquo;</span></span></span><span style="font-size:12pt"><span style="font-family:''Times New Roman''"><span style="color:#000000"><strong>Н,у,ф,а,Битс.</strong></span></span></span><span style="font-size:12pt"><span style="font-family:''Times New Roman''"><span style="color:#000000">&rdquo;. Согласитесь, пароль выглядит сложным, а возможность его подбора с использованием словарей, без полного перебора кажется почти невозможной. А запомнить текст из которого мы образовали пароль очень просто. Т.е. это выглядит идеальным методом не имеющим проблем.&nbsp;</span></span></span></p>\r\n\r\n<p><span style="font-size:12pt"><span style="font-family:''Times New Roman''"><span style="color:#000000">&nbsp;&nbsp;&nbsp; Стоит добавить еще несколько комментариев, чтобы вы могли сделать свой пароль, используя этот метод более безопасным.&nbsp; Вам нужно выбрать свое правило выбора символов, я использовал самый банальный, но лучше использовать что-то менее банальное. К примеру вы можете выбирать не первую букву слова, а вторую или третью, или последнюю, или предпоследнюю, а может вообще брать не по одной букве из слова (которые не стоят вместе, иначе ваш пароль будет содержать в себе набор слогов, и это сделает пароль более уязвимым к атаке подбора по словарю), а можете брать буквы не из каждого слова и и.д. Вариантов много. И все множество текстов и множество вариантов выбора &ldquo;правила&rdquo; по которому вы выбираете символы образуют крайне сильную систему генерации пароля.</span></span></span></p>\r\n\r\n<p><span style="font-size:12pt"><span style="font-family:''Times New Roman''"><span style="color:#000000">&nbsp;&nbsp;&nbsp; Дополню также, что предложение которое вы используете не должно быть популярным. Тут все понятно, потому что если вы выберете популярное предложение, то упростится процесс подбора вашего пароля. И еще советую выбирать предложения в которых содержатся числа и прочие знаки препинания кроме запятой, чтобы в вашем пароле дополнительно были эти самые числа и знаки дополнительные знаки. Например, если бы мы взяли еще и третью строку, то к нашему паролю добавилось бы &ldquo;Жех&rdquo; плюс одна из форм записи числа четверть: 0,25; 1/4, 25/100; плюс символ &ldquo;-&rdquo;. Строка такого вида еще существеннее усложнила бы подбор пароля.&nbsp;&nbsp;</span></span></span></p>','\r',char(13)),'\n',char(10)),'4',4,4);
INSERT INTO mainapp_contentcard VALUES(12,replace(replace('<p><span style="font-size:12pt"><span style="font-family:''Times New Roman''"><span style="color:#000000">&nbsp;&nbsp;&nbsp; С вопросами связанными с отдельно взятыми паролями мы разобрались. Теперь необходимо разобрать вопросы связанные с практикой использования паролей. Эта тема является крайне дискуссионной, и возможно вы не согласитесь с моим мнением, но это всего лишь мнение. И вы сами можете выбрать следовать ему или нет. В этом случае я ни на чем не настаиваю.&nbsp; </span></span></span></p>\r\n\r\n<p><span style="font-size:12pt"><span style="font-family:''Times New Roman''"><span style="color:#000000"><img alt="" class="img-content-card" src="/media/ck_editor_files/2021/05/11/cure.png" style="height:341px; width:656px" /></span></span></span></p>\r\n\r\n<p><span style="font-size:12pt"><span style="font-family:''Times New Roman''"><span style="color:#000000">&nbsp;&nbsp;&nbsp; Во первых, необходимо разделить сервисы на которых вы используете пароли на группы по степени важности.&nbsp;</span></span></span></p>\r\n\r\n<p><span style="font-size:12pt"><span style="font-family:''Times New Roman''"><span style="color:#000000">&nbsp;&nbsp;&nbsp; Для самых неважных сервисов, от взлома которых ничего плохого не произойдет можно выбрать один просто неплохой пароль и оставить его неизменным на весь срок использования сервиса. Можно также использовать парольные менеджеры, чтобы еще упростить процесс аутентификации.</span></span></span></p>\r\n\r\n<p><span style="font-size:12pt"><span style="font-family:''Times New Roman''"><span style="color:#000000"><img alt="" class="img-content-card" src="/media/ck_editor_files/2021/05/11/password-reusing.png" style="height:279px; width:279px" /></span></span></span></p>\r\n\r\n<p><span style="font-size:12pt"><span style="font-family:''Times New Roman''"><span style="color:#000000">Для важных сервисов, нужно выбрать очень хороший пароль. Причем для каждого из сервисов свой.&nbsp;&nbsp;</span></span></span></p>\r\n\r\n<p><span style="font-size:12pt"><span style="font-family:''Times New Roman''"><span style="color:#000000">&nbsp;&nbsp;&nbsp; Но я понимаю, что у людей сейчас много сервисов. Из них немало могут оказаться важными в той или иной степени, и в итоге вам необходимо помнить большое количество информации. Но по факту, помните ли вы все свои пароли? Обычно человек помнит до 8-10 паролей. И как говорится, пусть кинет в меня первый камень первый кто не такой. И тут остро встают проблемы запоминания паролей. А следствием из них является то, что люди будут переиспользовать один и тот же (или с минимальными изменениями) пароль на большой группе сервисов, причем даже на важных. А это несет в себе большую угрозу безопасности. Сколько уже было историй, что хакеры, подобрав один пароль, по цепочке взломали еще множество сервисов людей или организаций и какими &ldquo;неприятными&rdquo; последствиями это закончилось. И еще одним следствием является то, люди будут записывать где-то свои пароли (причем обычно не в самых защищенных местах), особенно если их сложно запомнить. И это опять же несет в себе потенциальную угрозу. Поэтому необходимо ввести некоторые послабления, чтобы избавится от двух предыдущих следствий.</span></span></span></p>\r\n\r\n<p><span style="font-size:12pt"><span style="font-family:''Times New Roman''"><span style="color:#000000"><img alt="" class="img-content-card" src="/media/ck_editor_files/2021/05/11/pass-braking.png" style="height:417px; width:558px" /></span></span></span></p>\r\n\r\n<p><span style="font-size:12pt"><span style="font-family:''Times New Roman''"><span style="color:#000000">&nbsp;&nbsp;&nbsp; Как я уже говорил для неважных сервисов вы можете использовать один пароль или парольный менеджер. Это значительно упростит вам жизнь, но не стоит считать парольный менеджер панацеей. У него тоже могут быть свои проблемы&nbsp;&nbsp;</span></span></span></p>\r\n\r\n<p><span style="font-size:12pt"><span style="font-family:''Times New Roman''"><span style="color:#000000">&nbsp;&nbsp;&nbsp;&nbsp; Чтобы упростить процесс запоминания важных паролей, вы в принципе, пользуясь предложенным мной методом, можете использовать одно предложение на несколько сервисов (2-3, больше не рекомендую), но использовать разные правила для создания пароля.</span></span></span></p>\r\n\r\n<p><span style="font-size:12pt"><span style="font-family:''Times New Roman''"><span style="color:#000000">&nbsp;&nbsp;&nbsp;&nbsp; Кроме того вы можете использовать системы по типу OpenID, OAuth которые позволяют создать аккаунт и аутентифицироваться на сервисе при помощи другого сервиса(через соцсети или Google аккаунт). Но в таком случае сервис при помощи которого вы аутентифицируетесь должен быть максимально защищен.</span></span></span></p>\r\n\r\n<p><span style="font-size:12pt"><span style="font-family:''Times New Roman''"><span style="color:#000000">&nbsp;&nbsp;&nbsp; Чтобы добиться очень высокого уровня защищенности используйте двухфакторную аутентификацию. Многие сервисы ее имеют, и это даст вам очень серьезный уровень защищенности.&nbsp;</span></span></span></p>\r\n\r\n<p><span style="font-size:12pt"><span style="font-family:''Times New Roman''"><span style="color:#000000">&nbsp;&nbsp;&nbsp; И напоследок про периодичность смены паролей. Это самый неоднозначный вопрос. Одни говорят, что чем чаще вы меняете пароль тем лучше. Например в некоторых политиках безопасности требуют менять пароль каждые 30/60/90 дней. Но я все же склоняюсь к тому, что это плохая идея. Для пользователя будет проблемой придумать пароль. Потом еще запомнить его. А в итоге вскоре это все опять по новой. Это будет раздражать пользователей и забивать им память старыми паролями и вызывать проблемы с запоминанием новых. А этого никому не нужно. Поэтому я склоняюсь к мнению, что пароль нужно менять тогда, когда у вас есть хотя бы малейшее подозрение, что пароль скомпрометирован. И при отсутствии эксцессов менять пароль нужно не очень часто. Если это конечно не противоречит стандартам лицензирования сервиса.&nbsp;&nbsp;&nbsp;</span></span></span></p>\r\n\r\n<p>&nbsp;</p>','\r',char(13)),'\n',char(10)),'5',5,4);
INSERT INTO mainapp_contentcard VALUES(13,replace(replace('<p style="text-align:justify"><span style="font-size:12pt"><span style="font-family:''Times New Roman''"><span style="color:#000000">&nbsp;&nbsp;&nbsp; В общем случае социальная инженерия это совокупность методов&nbsp; прикладных социальных наук таких как психология и социология, которые основываясь на знаниях о паттернах человеческого поведения позволяют&nbsp; на него влиять. Т.е. в некотором роде, социальная инженерия позволяет управлять людьми. И такая возможность, в свою очередь, всегда привлекала внимание всякого рода злоумышленников.</span></span></span></p>\r\n\r\n<p style="text-align:justify"><span style="font-size:12pt"><span style="font-family:''Times New Roman''"><span style="color:#000000">&nbsp;&nbsp;&nbsp;&nbsp; Рассмотрим, как это влияет на информационную безопасность. В последние годы наблюдается существенный рост числа инцидентов безопасности связанных с использованием методов социальной инженерии. </span></span></span></p>\r\n\r\n<p style="text-align:justify"><span style="font-size:12pt"><span style="font-family:''Times New Roman''"><span style="color:#000000">&nbsp;&nbsp;&nbsp; Связано это с тем, что с каждым годом растет уровень защищенности программного и технического обеспечения, при этом даже если уязвимости и существуют, то со временем они обнаруживаются ИБ сообществом.&nbsp; Если разработчик уязвимого обеспечения хороший, то обнаруженные уязвимости зачастую оперативно закрываются. Все это делает поиск и использование уязвимостей для злоумышленника чрезвычайно сложным процессом, который требует от него крайне высокий уровень навыков и колоссальных затрат.</span></span></span></p>\r\n\r\n<p style="text-align:justify"><span style="font-size:12pt"><span style="font-family:''Times New Roman''"><span style="color:#000000">&nbsp;&nbsp;&nbsp; В свою очередь неотъемлемой частью многих систем является человек, о котором нельзя сказать, что он обладает столь высоким уровнем защищенности, который еще и постоянно усиливается. Все это делает человека самым уязвимым звеном системы.</span></span></span><span style="font-size:12pt"><span style="font-family:''Times New Roman''"><span style="color:#000000"><strong> Но в данном курсе мы постараемся </strong></span></span></span><span style="font-size:12pt"><span style="font-family:''Times New Roman''"><span style="color:#000000"><strong><u>сделать все, что в моей компетенции чтобы это исправить</u></strong></span></span></span><span style="font-size:12pt"><span style="font-family:''Times New Roman''"><span style="color:#000000"><strong>.&nbsp;</strong></span></span></span></p>\r\n\r\n<p style="text-align:justify"><span style="font-size:12pt"><span style="font-family:''Times New Roman''"><span style="color:#000000">&nbsp;&nbsp;&nbsp; В данной теме мы рассмотрим часть методов социальной инженерии. А некоторые из них будут выделены в отдельные темы и мы рассмотрим их более подробно в последующих темах. Приступим!&nbsp;</span></span></span></p>','\r',char(13)),'\n',char(10)),'1',1,1);
INSERT INTO mainapp_contentcard VALUES(14,replace(replace('<p style="text-align:center"><span style="font-size:12pt"><span style="font-family:''Times New Roman''"><span style="color:#000000">&nbsp;&nbsp;&nbsp; </span></span></span><span style="font-size:13.999999999999998pt"><span style="font-family:Arial"><span style="color:#434343"><strong>Претекстинг</strong></span></span></span></p>\r\n\r\n<p><span style="font-size:12pt"><span style="font-family:''Times New Roman''"><span style="color:#000000">&nbsp;&nbsp;&nbsp; Суть данного метода заключается в ведении разговора по заранее подготовленному сценарию, который позволяет злоумышленнику втереться в доверие к жертве, усыпить ее внимание и свести разговор к теме, где может прозвучать интересующая злоумышленника информация, или же убедить выполнить некоторое действие которое приведет к раскрытию информации. Разговор может вестись как путем голосового общения (к примеру по телефону), так и путем ведения переписки.</span></span></span></p>\r\n\r\n<p><span style="font-size:12pt"><span style="font-family:''Times New Roman''"><span style="color:#000000">Для большей наглядности работы этого метода рассмотрим видео пример.</span></span></span></p>\r\n\r\n<p><span style="font-size:12pt"><span style="font-family:''Times New Roman''"><span style="color:#000000"><img alt="" class="img-content-card" src="/media/ck_editor_files/2021/05/11/disclaimer.png" style="height:291px; width:486px" /></span></span></span></p>\r\n\r\n<p><span style="font-size:12pt"><span style="font-family:''Times New Roman''"><span style="color:#000000"><em>&nbsp;&nbsp;&nbsp; Преамбула сюжета данного ролика в следующем</em></span></span></span><span style="font-size:12pt"><span style="font-family:''Times New Roman''"><span style="color:#000000">:&nbsp; </span></span></span><span style="font-size:12pt"><span style="font-family:''Times New Roman''"><span style="color:#000000">Автор ролика (А. Навальный) желает узнать подробности некоего события (предполагаемого покушения на его жизнь).&nbsp; Обычная ситуация)&nbsp;&nbsp;</span></span></span></p>\r\n\r\n<p><span style="font-size:12pt"><span style="font-family:''Times New Roman''"><span style="color:#000000">&nbsp;&nbsp;&nbsp; Подробности того события являются конфиденциальной информацией и не будут выданы при прямом вопросе. Поэтому автор решил прибегнуть к методам социальной инженерии чтобы получить те конфиденциальные подробности.&nbsp;</span></span></span></p>\r\n\r\n<p>&nbsp;</p>\r\n\r\n<p><iframe align="middle" frameborder="0" height="315" scrolling="no" src="https://www.youtube.com/embed/HlJbwUhIBxE" style="margin: auto; display: block" title="YouTube video player" width="560"></iframe></p>\r\n\r\n<p>&nbsp;</p>\r\n\r\n<p><span style="font-size:12pt"><span style="font-family:''Times New Roman''"><span style="color:#000000">&nbsp;&nbsp;&nbsp; Начинается все с того, что инженер изменил номер своего телефона на номер с которого жертве звонят по работе. Это было сделано чтобы жертва просто как минимум приняла вызов, потому что все мы сейчас с большой осторожностью принимаем вызовы с незнакомых номеров (если принимаем вообще).</span></span></span></p>\r\n\r\n<p><img alt="" class="img-content-card" src="/media/ck_editor_files/2021/05/11/rcjodk.png" style="height:197px; width:656px" /></p>\r\n\r\n<p>&nbsp;</p>\r\n\r\n<p><span style="font-size:12pt"><span style="font-family:''Times New Roman''"><span style="color:#000000">Ловушка сработала - жертва приняла вызов.&nbsp; В ходе разговора первое, что необходимо было сделать социальному инженеру - это втереться в доверие жертвы и убедить её, что он является тем, кем он представился. А представился инженер помощником очень &ldquo;высокопоставленного человека&rdquo;, для которого этот помощник собирает информацию для отчетов. Т.е. роль в которой уместны расспросы жертвы о подробностях составляющих конфиденциальную информацию.&nbsp;</span></span></span></p>\r\n\r\n<p><span style="font-size:12pt"><span style="font-family:''Times New Roman''"><span style="color:#000000">&nbsp;Чтобы сразу же убедить жертву, что инженер это тот за кого он себя выдает, он начал разговор с фраз, в которых содержатся недоступные для обычного человека, но доступные человеку данной роли подробности о жертве и его деятельности. В данном случае это имя и отчество жертвы, имена его начальников и подробности событий, о которых известно лишь небольшому кругу доверенных лиц. Помимо этого был использован прием психологического давления (в некотором роде даже запугивания), в котором жертве напрямую или косвенно сообщают о серьезных последствиях невыполнения того о чем просит инженер. А именно, что эта информация необходима для &ldquo;высокопоставленного человека&rdquo; которая будет представлена еще более высокопоставленному человеку, и соответственно не выполнив требования он помешает &ldquo;высокопоставленному человеку&rdquo;, что очевидно может иметь для жертвы серьезные последствия. А под давлением людям сложнее контролировать свои действия.&nbsp;</span></span></span></p>\r\n\r\n<p><span style="font-size:12pt"><span style="font-family:''Times New Roman''"><span style="color:#000000">В начале жертва не очень охотно идет на контакт, поэтому инженер продолжает использовать в своих фразах 2 описанных ранее метода чтобы разговорить жертву: напоминание что это очень важно и нужно сделать все как можно быстрее (запугивание) и упоминание конфиденциальных подробностей событий, которые помогают убедить жертву, что инженер это тот, за кого он себя выдает, и тем самым повысить уровень доверия к себе. И что самое главное, используя&nbsp; известные ему базовые подробности, он управляет диалогом таким образом, чтобы получить неизвестные ему подробности. И чем дольше идет разговор, тем больше снижается концентрация и недоверие жертвы, и тем проще инженеру становится вести разговор и получать необходимые ему сведения. Атака инженера удалась.</span></span></span></p>\r\n\r\n<p><span style="font-size:12pt"><span style="font-family:''Times New Roman''"><span style="color:#000000">&nbsp;&nbsp;&nbsp; Что касается варианта этой атаки при переписке, то тут все еще проще для социального инженера, т.к. в отличие от голосового общения, в данном случае у него есть больше времени для того чтобы обдумать каждую фразу. А принципы общения, методы обмана и давления в основном те же, что и при голосовом общении.&nbsp;&nbsp;&nbsp;</span></span></span></p>\r\n\r\n<p>&nbsp;</p>\r\n\r\n<p><br />\r\n&nbsp;</p>','\r',char(13)),'\n',char(10)),'2',2,1);
INSERT INTO mainapp_contentcard VALUES(15,replace(replace('<p><span style="font-size:12pt"><span style="font-family:''Times New Roman''"><span style="color:#000000">&nbsp;&nbsp;&nbsp; Мы рассмотрели типичный сценарий атаки и базовые приемы которые всегда используются при ее осуществлении. Чтобы не растягивать повествование давайте перейдем к рекомендациям, которые помогут вам защититься от данного типа атаки.&nbsp;</span></span></span></p>\r\n\r\n<p><span style="font-size:12pt"><span style="font-family:''Times New Roman''"><span style="color:#000000">&nbsp;&nbsp;&nbsp; Во-первых, номер телефона входящего звонка не является фактором удостоверяющим личность звонящего. К примеру, используя SIP-телефонию можно подменить номер который будет отображаться у того кому будут звонить (для тех кому интересно - метод называется &ldquo;Caller ID spoofing&rdquo;). Т.е. если вам звонят с номера &ldquo;900&rdquo;, то вам не обязательно звонят из &ldquo;Сбербанка&rdquo; (или как они сейчас себя называют - &ldquo;Сбер&rdquo;). Или если вам звонят с одного из корпоративных номеров вашей компании, то это не обязательно значит, что вам звонит кто-то из вашей компании. </span></span></span><span style="font-size:12pt"><span style="font-family:''Times New Roman''"><span style="color:#000000"><strong>При звонке с любого номера необходимо соблюдать внимательность как при звонке&nbsp; с незнакомого</strong></span></span></span><span style="font-size:12pt"><span style="font-family:''Times New Roman''"><span style="color:#000000">.</span></span></span></p>\r\n\r\n<p><span style="font-size:12pt"><span style="font-family:''Times New Roman''"><span style="color:#000000"><img alt="" class="img-content-card" src="/media/ck_editor_files/2021/05/11/sberbank-security-service.png" style="height:411px; width:573px" /></span></span></span></p>\r\n\r\n<p><span style="font-size:12pt"><span style="font-family:''Times New Roman''"><span style="color:#000000">&nbsp;&nbsp;&nbsp; Во-вторых, если неизвестный в процессе общения ведет разговор в стиле того, кем он представился, и в процессе разговора озвучивает некоторую конфиденциальную информацию, которую может знать тот, кем представился незнакомец, то это еще не повод доверять что незнакомец является тем кем он представился.&nbsp;</span></span></span></p>\r\n\r\n<p><span style="font-size:12pt"><span style="font-family:''Times New Roman''"><span style="color:#000000">&nbsp;&nbsp;&nbsp; Чтобы проверить, что незнакомец является тем, за кого себя выдает вы можете задать дополнительные вопросы ответы на которые может знать только тот кем представился незнакомец. Но лучше закончить разговор когда незнакомец начинает просить ответов на вопросы которые раскрывают конфиденциальную или другую важную информацию, или попросить перезвонить чуть позже. А в это время нужно связаться со службой поддержки (если это касается какого-либо сервиса) и узнать существует ли названная незнакомцем проблема, и действительно ли ему звонил кто-то из их организации. Если проблема касается вашей организации, то необходимо связаться с ответственным за область, по поводу которой звонил незнакомец и также как и в прошлом случае узнать есть ли проблема и свой ли человек позвонил. В общем, явно не удостоверившись в том, что незнакомец не является злоумышленником - нельзя раскрывать никакую информацию ограниченного распространения.</span></span></span></p>\r\n\r\n<p><span style="font-size:12pt"><span style="font-family:''Times New Roman''"><span style="color:#000000">&nbsp;&nbsp;&nbsp; В-третьих, если незнакомец начинает напрямую или косвенно на вас давить с посылом, что очень важно выполнить то, что он просит, намекая или открыто говоря о возможных последствиях неисполнения его просьбы, при этом постоянно упоминая что все нужно сделать прямо сейчас, а иначе опять же возможны последствия, то главное что вам необходимо - это не поддаваться панике и сохранить ясность мышления. Не забываем правило из предыдущего пункта, что прежде всего необходимо убедится, что проблема действительно есть, это не займет много времени, но это очень важно. Поэтому объясните незнакомцу, что прежде всего вам необходимо все проверить прежде чем выполнять его просьбу и&nbsp; раскрывать конфиденциальную информацию, и что это займет совсем немного времени. Если незнакомец действительно является тем, за кого себя выдает, то ему нечего боятся. И скорее всего все, что говорил незнакомец удастся подтвердить и вы вернетесь к решению той проблемы. А если незнакомец начинает всячески убеждать вас не делать этого потому что на это совершенно нет времени, потому что это бесполезно или у вас не получится этого сделать ввиду каких-то причин, или что если об этой проблеме кто-то еще узнает, то будут проблемы и так далее, то тем более стоит попытаться все проверить.&nbsp;</span></span></span></p>\r\n\r\n<p><span style="font-size:12pt"><span style="font-family:''Times New Roman''"><span style="color:#000000">&nbsp;&nbsp;&nbsp; В общем, будьте внимательны и не поддавайтесь панике, не ленитесь и не бойтесь все перепроверить. И тогда все будет хорошо.&nbsp;&nbsp;&nbsp;&nbsp;&nbsp;&nbsp;&nbsp;&nbsp;&nbsp;&nbsp;&nbsp;&nbsp;</span></span></span></p>','\r',char(13)),'\n',char(10)),'3',3,1);
INSERT INTO mainapp_contentcard VALUES(16,replace(replace('<h3 style="text-align:center"><span style="font-size:13.999999999999998pt"><span style="font-family:Arial"><span style="color:#434343">Плечевой серфинг&nbsp;</span></span></span></h3>\r\n\r\n<p><span style="font-size:11pt"><span style="font-family:Arial"><span style="color:#000000">&nbsp;&nbsp;&nbsp; </span></span></span><span style="font-size:12pt"><span style="font-family:''Times New Roman''"><span style="color:#000000">Как это часто бывает в последние годы, информация о многих новых, беспрецедентных вещах и явлениях приходит к нам из-за границы, в большей степени из англоязычных источников. И в процессе адаптации этой информации для русскоязычной аудитории нередко возникают &ldquo;трудности перевода&rdquo;. Так случилось и в нашем случае, когда термин &ldquo;shoulder surfing&rdquo; перевели как &ldquo;плечевой серфинг&rdquo;. И именно в таком виде этот термин и закрепился. Звучит конечно неплохо, но не несет в себе явного смысла термина. Поэтому давайте разберемся что это такое.</span></span></span></p>\r\n\r\n<p><span style="font-size:12pt"><span style="font-family:''Times New Roman''"><span style="color:#000000">&nbsp;&nbsp;&nbsp; </span></span></span><span style="font-size:12pt"><span style="font-family:''Times New Roman''"><span style="color:#000000">Если по простому, то плечевой сёрфинг это описание метода, когда злоумышленник незаметно подсматривает некоторую секретную информацию, в частности из-за спины или через плечо.&nbsp;</span></span></span></p>\r\n\r\n<p><span style="font-size:12pt"><span style="font-family:''Times New Roman''"><span style="color:#000000"><img alt="" class="img-content-card" src="/media/ck_editor_files/2021/05/11/shoulder_surfing.png" style="height:526px; width:596px" /></span></span></span></p>\r\n\r\n<p><span style="font-size:12pt"><span style="font-family:''Times New Roman''"><span style="color:#000000">&nbsp;&nbsp;&nbsp; Тут вы возможно подумали, что &ldquo;ты втираешь мне какую-то дичь&rdquo;. И по вашему мнению это угроза совсем не актуальна. А ее реализация возможна лишь при невероятном стечении невнимательности и вопиющей халатности по отношению к секретным данным. &nbsp; Но отнюдь это не так, как вам кажется. В сообщении &ldquo;Secure&rsquo;s White Paper on Visual Data Security&rdquo; от 2012 года, которое поднимает проблемы безопасности визуальной информации, говорится о следующих показательных фактах:</span></span></span></p>\r\n\r\n<ul>\r\n	<li style="list-style-type:disc"><span style="font-size:12pt"><span style="font-family:''Times New Roman''"><span style="color:#000000">85 % опрошенных IT специалистов признались, что когда-либо видели секретную информацию, которую им не было положено видеть;&nbsp;&nbsp;&nbsp;</span></span></span></li>\r\n	<li style="list-style-type:disc"><span style="font-size:12pt"><span style="font-family:''Times New Roman''"><span style="color:#000000">82 % специалистов признались, что&nbsp; отображаемую на их экране информацию, могли бы увидеть посторонние лица не имеющие права на просмотр данной информации;</span></span></span></li>\r\n	<li style="list-style-type:disc"><span style="font-size:12pt"><span style="font-family:''Times New Roman''"><span style="color:#000000">82 % специалистов слабо уверены или не уверены вовсе, что кто-либо из сотрудников в их организации&nbsp; будет защищать свой экран от просмотра посторонними лицами.</span></span></span></li>\r\n</ul>\r\n\r\n<p><span style="font-size:11pt"><span style="font-family:Arial"><span style="color:#000000">&nbsp;&nbsp;&nbsp; </span></span></span><span style="font-size:12pt"><span style="font-family:Arial"><span style="color:#000000">Х</span></span></span><span style="font-size:12pt"><span style="font-family:''Times New Roman''"><span style="color:#000000">отя данная информация уже является немного устаревшей, я думаю демонстрируемая здесь тенденция все еще прослеживается - большая часть людей не задумывается о том что конфиденциальную информацию отображаемую на экране или другом носителе тоже необходимо защищать, а утечка этой информации является не такой уж и редкой, потому что зачастую нет ничего сложного в том чтобы оказаться поблизости жертвы и занять такое положение чтобы можно было увидеть его информацию.&nbsp; Надеюсь вы поняли что данная уязвимость является актуальной и следовательно нам необходимо от нее защищаться. Поэтому давайте разберем основные принципы защиты.</span></span></span></p>\r\n\r\n<p><span style="font-size:12pt"><span style="font-family:''Times New Roman''"><span style="color:#000000"><img alt="" class="img-content-card" src="/media/ck_editor_files/2021/05/11/surfing.jpg" style="height:700px; width:921px" /></span></span></span></p>\r\n\r\n<p>&nbsp;</p>\r\n\r\n<p>&nbsp;</p>\r\n\r\n<ol>\r\n	<li style="list-style-type:decimal"><span style="font-size:12pt"><span style="font-family:''Times New Roman''"><span style="color:#000000">Желательно не работать с конфиденциальной информаций в общественных местах. Но если все таки очень нужно, то сделайте так, чтобы кто-либо не мог незаметно подсмотреть из-за спины. Например сядьте к стене (не к окну). И как можно чаще контролируйте не могут ли окружающие подсмотреть&nbsp; конфиденциальную информацию с которой вы работаете (не находятся ли они в поле обзора экрана).</span></span></span></li>\r\n	<li style="list-style-type:decimal"><span style="font-size:12pt"><span style="font-family:''Times New Roman''"><span style="color:#000000">Аналогично в момент ввода логина и пароля или другой важной аутентификационной информации -&nbsp; осмотритесь и убедитесь, что никто не сможет увидеть как вы их вводите.&nbsp;&nbsp;</span></span></span></li>\r\n</ol>\r\n\r\n<p>&nbsp;</p>\r\n\r\n<p><span style="font-size:11pt"><span style="font-family:Arial"><span style="color:#000000">&nbsp;&nbsp;&nbsp; </span></span></span><span style="font-size:12pt"><span style="font-family:''Times New Roman''"><span style="color:#000000">Перечисленное выше не является очень сложным и муторными, но при этом имеет очень высокую степень эффективности и лишает злоумышленника простого способа реализации своих целей.</span></span></span></p>\r\n\r\n<p>&nbsp;</p>','\r',char(13)),'\n',char(10)),'4',4,1);
INSERT INTO mainapp_contentcard VALUES(17,replace(replace('<h3 style="text-align:center"><span style="font-size:13.999999999999998pt"><span style="font-family:Arial"><span style="color:#434343">Дорожное яблоко</span></span></span></h3>\r\n\r\n<p><span style="font-size:11pt"><span style="font-family:Arial"><span style="color:#000000">&nbsp;&nbsp;&nbsp; </span></span></span><span style="font-size:12pt"><span style="font-family:''Times New Roman''"><span style="color:#000000">На протяжении всей истории человечества любопытство являлось одной из главных движущих сил развития цивилизации и человеческих знаний. Географические открытия, законы, теоремы и научные исследования - все это в некоторой степени является плодами неотъемлемого всем людям любопытства. Только вот иногда любопытство может сыграть с нами злую шутку. Не просто так ведь существует поговорка: &ldquo;любопытной Варваре на базаре нос оторвали&rdquo;. </span></span></span></p>\r\n\r\n<p><span style="font-size:12pt"><span style="font-family:''Times New Roman''"><span style="color:#000000">&nbsp;&nbsp;&nbsp; Метод &ldquo;дорожное яблоко&rdquo; заключается в подбрасывании некоторого съемного физического носителя (флешки, карты памяти и т.д. )&nbsp; в месте общего пользования которое посещают потенциальные жертвы. Если жертвой является конкретный человек, то носитель могут подкинуть прямо на его рабочее место или вблизи него.&nbsp;</span></span></span></p>\r\n\r\n<p><span style="font-size:12pt"><span style="font-family:''Times New Roman''"><span style="color:#000000">&nbsp;Сам носитель для усыпления бдительности может быть стилизован как корпоративный или как флешка того, кого вы знаете.&nbsp; Для разжигания любопытства могут использоваться надписи на носителе или названия файлов на нем, которые говорят о том, что там содержится очень интересная для жертвы информация удержаться от соблазна просмотра которой будет нереально сложно.&nbsp;</span></span></span></p>\r\n\r\n<p><span style="font-size:12pt"><span style="font-family:''Times New Roman''"><span style="color:#000000"><img alt="" class="img-content-card" src="/media/ck_editor_files/2021/05/11/road-apple.png" style="height:431px; width:534px" /></span></span></span></p>\r\n\r\n<p><span style="font-size:12pt"><span style="font-family:''Times New Roman''"><span style="color:#000000">&nbsp;&nbsp;&nbsp; Кратко пробежимся по тому, какие потенциальные опасности могут нести съемные носители (в большей степени флешки, и что касается программных угроз, то пользователей систем семейства Windows ):</span></span></span></p>\r\n\r\n<p><span style="font-size:12pt"><span style="font-family:''Times New Roman''"><span style="color:#000000">&nbsp;&nbsp;&nbsp; Самой банальной из потенциальных опасностей являются исполняемые файлы (файлы с расширением .exe). Думаю все понимают что при запуске исполняемого файла с неизвестного носителя может быть запущена вредоносная программа и следовательно нельзя запускать такие файлы никогда и ни при каких обстоятельствах.</span></span></span></p>\r\n\r\n<p><span style="font-size:12pt"><span style="font-family:''Times New Roman''"><span style="color:#000000">&nbsp;&nbsp;&nbsp; Немного более интересным вариантом является флешка у которой в качестве программы для автозапуска будет установлено вредоносное ПО, или ПО которое поможет проникнуть вредоносной программе на компьютер. Эта угроза не является высоко актуальной для современных операционных систем, которые обычно блокируют выполнение автозапускаемых программ. Но устаревшие операционные системы (например&nbsp; Windows XP, которая до сих пор еще можно нередко встретить) не всегда имеют механизмы защиты от автозапускаемых программ. Поэтому даже просто подключать флешку может быть опасно, особенно к компьютерам с устаревшей операционной системой, которая не получает обновлений безопасности.</span></span></span></p>\r\n\r\n<p><span style="font-size:12pt"><span style="font-family:''Times New Roman''"><span style="color:#000000">&nbsp;&nbsp;&nbsp; Рассмотрим еще один более хитрый вариант атаки с использованием подброшенных съемных носителей. На носителе могут находится файлы безопасного формата, но которые несут в себе информацию, которая может подействовать уже на вас и заставить вас в открытую или косвенно сделать, то, что необходимо злоумышленнику. Информация которую содержит носитель, может&nbsp; раскрывать &ldquo;тайну&rdquo; по типу&nbsp; &ldquo;Если ввести команду rm -rf от имени суперпользователя на главном сервере компании, то вам покажут мультик. Очень интересный кстати.&rdquo; В общем содержать прямое побуждение сделать что либо, или косвенная информация информация которая может подтолкнуть вас к чему-нибудь. В общем не стоит никак использовать информацию и делать что-либо, что вызвано информацией с этой флешки.</span></span></span></p>\r\n\r\n<p><span style="font-size:12pt"><span style="font-family:''Times New Roman''"><span style="color:#000000">&nbsp;&nbsp;&nbsp; Кроме того вредоносная программа может быть замаскирована под не программу (к примеру под папку или что-либо еще и невнимательный пользователь может по ней кликнуть). Но еще есть типы файлов, которые на первый взгляд не являются опасными, но на самом деле могут нести в себе вредоносный код. А о том какие именно вроде бы безобидные типы файлов могут вызывать выполнение вредоносного кода вы узнаете в теме (предположительно спам) </span></span></span></p>\r\n\r\n<p><span style="font-size:12pt"><span style="font-family:''Times New Roman''"><span style="color:#000000"><img alt="" class="img-content-card" src="/media/ck_editor_files/2021/05/11/to-be-continued-jojo.png" style="height:244px; width:354px" /></span></span></span></p>\r\n\r\n<p>&nbsp;</p>','\r',char(13)),'\n',char(10)),'5',5,1);
INSERT INTO mainapp_contentcard VALUES(18,replace(replace('<p><span style="font-size:12pt"><span style="font-family:''Times New Roman''"><span style="color:#000000">&nbsp;&nbsp;&nbsp; Возможно после трех предыдущих пунктов вы все еще не очень впечатлились (напугались) потенциальными опасностями неизвестных флешек. И считаете что вы в полной безопасности т.к. у ваша операционная система является актуальной и получает обновления безопасности, у вас есть антивирус, и вы им проверите флешку перед тем как ее открывать. Вы опытный пользователь и не будете запускать исполняемые файлы, будете внимательно смотреть чтобы не запустить замаскированный файл, а также знаете какие еще типы файлов являются потенциально опасными, и не будете открывать их или сделаете это безопасным образом. Даже возможно что вы являетесь продвинутым пользователем, и вас есть виртуальная машина на которой вы и будете просматривать содержимое флешки. Но есть еще кое что, от чего вас не спасет даже это.</span></span></span></p>\r\n\r\n<p><span style="font-size:12pt"><span style="font-family:''Times New Roman''"><span style="color:#000000"><strong>ВЫПУСКАЙТЕ КРАКЕНА</strong></span></span></span></p>\r\n\r\n<p><span style="font-size:12pt"><span style="font-family:''Times New Roman''"><span style="color:#000000">Существует тип атак под названием BadUSB. Его суть заключается в имитации поведения другого USB устройства. Чаще всего клавиатуры. То есть это устройство в виде флешки, может сэмитировать нажатия клавиш клавиатуры и тем самым выполнить любые действия которые не запрещены вам правами доступа. Это равносильно получению полного доступа</span></span></span><span style="font-size:11pt"><span style="font-family:Arial"><span style="color:#000000"> к вашей учетной записи в операционной системе.</span></span></span><span style="font-size:12pt"><span style="font-family:''Times New Roman''"><span style="color:#000000"> Получение полного доступа от вашего имени злоумышленником из-за вставленной флешки - это звучит достаточно пугающе. Но это еще не все). Потому что, по факту, не существует никаких методов защиты от данной угрозы кроме запрета на работу с USB устройствами. Что в текущих реалиях, когда множество необходимых устройств работает через USB,&nbsp; сложно осуществить. Куда проще будет объяснить людям, что нельзя втыкать (или давать это делать кому-либо другому) неизвестные флешки в рабочие устройства, и любые другие, безопасность которых вам важна. Думаю вы поняли к чему я клоню)</span></span></span></p>\r\n\r\n<p><span style="font-size:12pt"><span style="font-family:''Times New Roman''"><span style="color:#000000">И напоследок расскажу вам, что существуют такие флешки, которые просто при подключении способны сжечь материнскую плату устройства. Они называются USB киллерами. Принцип их работы заключается в следующем: при подключении данного устройства начинается зарядка конденсаторов на данном устройстве, затем при достижении определенного заряда оно начинает подавать на сигнальные линии USB интерфейса подается достаточно высокое напряжение которое сжигает всё (всё на что хватит напряжения) к чему подключены эти линии, т.е. материнскую плату. А с сильно поврежденной материнской платой ваш компьютер работать не будет. А какие это может иметь последствия, вы все прекрасно понимаете.&nbsp;&nbsp;</span></span></span></p>\r\n\r\n<p><span style="font-size:12pt"><span style="font-family:''Times New Roman''"><span style="color:#000000">&ldquo;Переварите&rdquo; пока немного данную информацию и поймите как теперь с этим жить. Шутка конечно. А теперь перейдем к выводам и рекомендациям, хотя я думаю вы и так догадываетесь о чем там будет говориться.</span></span></span></p>\r\n\r\n<p><span style="font-size:12pt"><span style="font-family:''Times New Roman''"><span style="color:#000000"><img alt="" class="img-content-card" src="/media/ck_editor_files/2021/05/11/shock-info.png" style="height:277px; width:656px" />&nbsp; </span></span></span></p>\r\n\r\n<p>&nbsp;</p>','\r',char(13)),'\n',char(10)),'6',6,1);
INSERT INTO mainapp_contentcard VALUES(19,replace(replace('<p><span style="font-size:12pt"><span style="font-family:''Times New Roman''"><span style="color:#000000">&nbsp;&nbsp;&nbsp; А теперь разберем что делать если вы нашли некоторый физический носитель информации. Самое главное что вам НЕЛЬЗЯ делать в данном случае это подключать этот носитель к рабочим устройствам вашей организации. ТОЧКА! Без исключений.&nbsp;</span></span></span></p>\r\n\r\n<p><span style="font-size:12pt"><span style="font-family:''Times New Roman''"><span style="color:#000000">&nbsp;&nbsp;&nbsp; Что касается подключения к личным устройствам, находящимся вне работы, то в принципе вы можете это сделать, но на свой страх и риск.</span></span></span></p>\r\n\r\n<p><span style="font-size:12pt"><span style="font-family:''Times New Roman''"><span style="color:#000000">&nbsp;&nbsp;&nbsp; Но если все таки прямо очень хочется узнать что это за физический носитель (флешка), то есть безопасный вариант сделать это. Если у вас достаточно большая организация, то у нее может быть отдел информационной безопасности. Сходите к ним и спросите есть ли у них специальный изолированный от сети компьютер, на котором проводят испытания безопасности чего-либо. И если есть, то на нем и проверьте. По аналогии, у вас самих (или кого-то из ваших знакомых) может быть устройство, которое если что не так жалко, и можно проверить на нем.&nbsp;&nbsp;&nbsp;&nbsp;</span></span></span></p>','\r',char(13)),'\n',char(10)),'7',7,1);
INSERT INTO mainapp_contentcard VALUES(20,replace(replace('<h3 style="text-align:center"><span style="font-size:13.999999999999998pt"><span style="font-family:Arial"><span style="color:#434343">Quid pro quo/обратная социальная инженерия</span></span></span></h3>\r\n\r\n<p><span style="font-size:11pt"><span style="font-family:Arial"><span style="color:#000000">&nbsp;&nbsp;&nbsp; </span></span></span><span style="font-size:12pt"><span style="font-family:''Times New Roman''"><span style="color:#000000">Quid pro quo переводится с латинского языка как &ldquo;то за это&rdquo;. Суть данной атаки заключается в убеждении злоумышленником жертвы, что у нее есть какая-то проблема (которой скорее всего даже нет, или она была была вызвана самим злоумышленником) и он может эту проблему решить. Надо только выполнить все, что он говорит, или дать ему доступ к проблемной области, чтобы он мог сам решить эту проблему.&nbsp;&nbsp;</span></span></span></p>\r\n\r\n<p>&nbsp;</p>\r\n\r\n<p><span style="font-size:12pt"><span style="font-family:''Times New Roman''"><span style="color:#000000">&nbsp;&nbsp;&nbsp; Вариацией на данную тему является атака под названием &ldquo;обратная социальная инженерия&rdquo;, когда жертва сама обращается к злоумышленнику или злоумышленник создает условия чтобы обратились именно к нему, к примеру оставляя где-то поблизости цели атаки свою контактную информацию с комментарием, что он решает технические или другого рода проблемы, которые могут случится сами собой или быть саботированы&nbsp; самим злоумышленником. При этом&nbsp; жертва либо сама готова сделать все, что скажет злоумышленник чтобы решить проблему, либо опять же дать злоумышленнику доступ чтобы он сам ее решил.</span></span></span></p>\r\n\r\n<p><span style="font-size:12pt"><span style="font-family:''Times New Roman''"><span style="color:#000000">&nbsp;&nbsp;&nbsp; Почему же жертвы позволяют злоумышленнику провернуть все это? Во-первых, когда у вас есть какая-то проблема, то у вас возникает острая потребность ее решить,&nbsp; при этом осторожности могут отходить на второй план под гнетом данной проблемы. Во-вторых, злоумышленник может воспользоваться психологическими приемами, некоторые из которых были описаны в пункте &ldquo;претекстинг&rdquo;. К примеру, если злоумышленник сможет убедить нас, что является специалистом вашей организации, или просто специалистом которому можно доверять , то мы с большей вероятностью позволим ему выполнить &ldquo;его работу&rdquo;. Суть вы думаю поняли, поэтому перейдем к рекомендациям по защите от данной угрозы.</span></span></span></p>\r\n\r\n<p><span style="font-size:12pt"><span style="font-family:''Times New Roman''"><span style="color:#000000">&nbsp;&nbsp;&nbsp; Как и в любом деле, здесь главное быть внимательным. Не устану это повторять, потому что в таком случае вы с большей вероятностью это запомните.&nbsp;&nbsp;</span></span></span></p>\r\n\r\n<p><span style="font-size:12pt"><span style="font-family:''Times New Roman''"><span style="color:#000000">&nbsp;&nbsp;&nbsp; Если вас просят что-то сделать в связи с какой-то проблемой, то всегда думайте о возможных последствиях выполнения этих действий. Если вы не уверены, что это не нанесет вреда, или не знаете какие это может иметь последствия, то не делайте этого. Обратитесь к кому-то более компетентному в области той проблемы из тех кому кому вы доверяете и узнайте о возможных последствиях выполнения того, о чем вас попросили.&nbsp;</span></span></span></p>\r\n\r\n<p><span style="font-size:12pt"><span style="font-family:''Times New Roman''"><span style="color:#000000">&nbsp;&nbsp;&nbsp; Если кто-то неизвестный или малоизвестный сообщает о том, что есть некоторая проблема, то сначала убедитесь что эта проблема действительно есть, затем узнайте что это за человек, и тот ли он за кого себя выдает. Если что-то из этого не подтвердилось, то проигнорируйте данное обращение.&nbsp; Если же вы выяснили, что все соответствует действительности и затем этот человек попросил вас выполнить некоторые действия, то не забывайте о предыдущем параграфе. А если этот человек (или даже ваш знакомый) попросил непосредственный доступ к зоне вашей ответственности (к примеру к вашему рабочему компьютеру) для решения проблемы, то подумайте действительно ли ему нужен этот доступ. Если да, то следите за всем тем, что делает другой человек, и указывайте ему если он делает что-то подозрительное на ваш взгляд.&nbsp;</span></span></span></p>\r\n\r\n<p><span style="font-size:12pt"><span style="font-family:''Times New Roman''"><span style="color:#000000">&nbsp;&nbsp;&nbsp; Возможно описание вариантов действий было немного затянуто. На этот случай резюмирую: когда вас просят что-то сделать всегда думайте что вы делаете, следите кому вы даете доступ к тому, за что вы несете ответственность и следите за тем что он там делает. </span></span></span></p>','\r',char(13)),'\n',char(10)),'8',8,1);
INSERT INTO mainapp_contentcard VALUES(21,replace(replace('<p><span style="font-size:12pt"><span style="font-family:''Times New Roman''"><span style="color:#000000">&nbsp;&nbsp;&nbsp; Фишинг это один из самых распространенных, если вообще не самый распространенный метод атаки. Данные разнятся, но по примерным данным в месяц создается по 1.5 миллиона фишинговых сайтов. Средний ущерб от фишинга по всему миру всего за одну минуту равен 15 тысячам долларов. А если перевести эту сумму в рубли, то становится совсем страшно. Хотя, сейчас от перевода в рубли любой суммы в долларах становится страшно).&nbsp; В 90+ процентах случаев,&nbsp; кибер атаки совершенные на бизнес начинались с фишинга. И 70+ процентов организаций сообщали, что подвергались фишинговой атаке в 2018 году. Согласитесь, выглядит устрашающе. Поэтому вам обязательно нужно научится распознавать фишинговые атаки. И я вам в этом помогу.&nbsp;&nbsp;</span></span></span></p>\r\n\r\n<p><span style="font-size:12pt"><span style="font-family:''Times New Roman''"><span style="color:#000000">&nbsp;&nbsp;&nbsp; Фишинг - это метод социальной инженерии направленный в основном&nbsp; на кражу логинов и паролей или другой аутентификационной информации(например данные&nbsp; банковской карты), путем перенаправления жертвы на поддельный сайт некоторого сервиса, который внешне ничем не отличается от настоящего сайта. На этом сайте необходимо будет ввести логин и пароль (или другую аутентификационную информацию), и если жертва сделает это, то злоумышленник получит этот логин и пароль. Это было краткое описание, а теперь перейдем к более детальному описанию того как проходит эта атака и как ее определить.</span></span></span></p>\r\n\r\n<p><span style="font-size:12pt"><span style="font-family:''Times New Roman''"><span style="color:#000000"><img alt="" class="img-content-card" src="/media/ck_editor_files/2021/05/11/meme.png" style="height:419px; width:421px" /></span></span></span></p>\r\n\r\n<p><span style="font-size:12pt"><span style="font-family:''Times New Roman''"><span style="color:#000000">&nbsp;</span></span></span></p>\r\n\r\n<p>&nbsp;</p>','\r',char(13)),'\n',char(10)),'1',1,2);
INSERT INTO mainapp_contentcard VALUES(22,replace(replace('<p><span style="font-size:12pt"><span style="font-family:''Times New Roman''"><span style="color:#000000">&nbsp;&nbsp;&nbsp; Начинается все чаще всего с сообщения по электронной почте, но иногда это может быть и сообщение в социальной сети или мессенджере. А в последнее время нередко можно столкнуться и с фишинговой рекламой, но всему свое время. Все это будет разобрано.&nbsp;</span></span></span></p>\r\n\r\n<p><span style="font-size:12pt"><span style="font-family:''Times New Roman''"><span style="color:#000000">&nbsp;&nbsp;&nbsp; Типовое фишинговое сообщение содержит в себе 2 обязательных части.&nbsp;&nbsp;</span></span></span></p>\r\n\r\n<p><span style="font-size:12pt"><span style="font-family:''Times New Roman''"><span style="color:#000000">1.</span></span></span><span style="font-size:12pt"><span style="font-family:''Times New Roman''"><span style="color:#000000"><strong> Некоторая побуждающая информация</strong></span></span></span><span style="font-size:12pt"><span style="font-family:''Times New Roman''"><span style="color:#000000">. Обычно там говорится что что у вас есть некоторая проблема и ее нужно как можно скорее решить. В некоторых случаях еще и упоминается о возможных последствиях игнорирования этого сообщения. Это может сбивать с толку и помешать рациональному мышлению. Но иногда побуждение может быть и другого рода. К примеру вас могут побудить потенциальной выгодой или какими-нибудь более благородными мотивами. Более конкретно мы разберем это на конкретных примерах.</span></span></span></p>\r\n\r\n<p><span style="font-size:12pt"><span style="font-family:''Times New Roman''"><span style="color:#000000">2. </span></span></span><span style="font-size:12pt"><span style="font-family:''Times New Roman''"><span style="color:#000000"><strong>Ссылка.</strong></span></span></span><span style="font-size:12pt"><span style="font-family:''Times New Roman''"><span style="color:#000000">&nbsp; В сообщении будет говорится, что на нее нужно перейти чтобы решить побудившую вас проблему. Причем эта ссылка может быть замаскирована под ссылку на реальный ресурс.</span></span></span></p>\r\n\r\n<p><span style="font-size:12pt"><span style="font-family:''Times New Roman''"><span style="color:#000000">&nbsp;&nbsp;&nbsp; А теперь рассмотрим ряд примеров как могут выглядеть фишинговые сообщения. А также я объясню вам как их выявить.</span></span></span></p>\r\n\r\n<p><span style="font-size:12pt"><span style="font-family:''Times New Roman''"><span style="color:#000000">&nbsp;&nbsp;&nbsp; Начнем с самого банального и распространенного примера -&nbsp; сообщения электронной почты. По сложившейся традиции будет продемонстрирован пример фишинговой атаки на пользователей сайта vk.com. А если быть точнее, то массовой рассылки сообщений электронной почты в надежде, что кто-то попадется на него.</span></span></span></p>\r\n\r\n<p><span style="font-size:12pt"><span style="font-family:''Times New Roman''"><span style="color:#000000">&nbsp;&nbsp;&nbsp; Сначала внимательно рассмотрите само письмо, не обращая внимания на выделенные элементы и найдите что-нибудь подозрительное.&nbsp;</span></span></span></p>\r\n\r\n<p><img alt="" class="img-content-card" src="/media/ck_editor_files/2021/05/11/phishing-example_wWW2x0R.png" style="height:682px; width:894px" /></p>\r\n\r\n<p><span style="font-size:12pt"><span style="font-family:''Times New Roman''"><span style="color:#000000">А теперь давайте разберем все по полочкам, чтобы вы абсолютно точно поняли как определить фишинговое письмо массовой рассылки (которое чаще всего и встречается).</span></span></span></p>\r\n\r\n<ol>\r\n	<li style="list-style-type:decimal"><span style="font-size:12pt"><span style="font-family:''Times New Roman''"><span style="color:#000000">Кричащий, пугающий и ввергающий в панику заголовок, на который сложно не обратить внимания. Что ни слово - то скример. Критическая - что-то очень важное и срочное. Утечка - нет ничего хорошего, что называется утечка. Идентификаторов - не так часто встречающееся слово для обычных людей. Сессия - слово, которое отзывается в памяти вьетнамскими флешбеками, которое поделило твою жизнь на до и после. Слово которое&hellip; Это шутка, но все равно, этот технический термин может быть не совсем понятен технически не подкованным людям. В общем, в заголовке будет содержаться информация мимо которой сложно пройти, и которая может даже ввести в небольшое замешательство или вызвать волнение, что не на пользу вашему рациональному мышлению.&nbsp; Помеха вашему рациональному мышлению - это помощь для злоумышленника. </span></span></span><span style="font-size:12pt"><span style="font-family:''Times New Roman''"><span style="color:#000000"><strong>Никогда не теряйте рациональность мышления, внимательность и осторожность.</strong></span></span></span></li>\r\n	<li style="list-style-type:decimal"><span style="font-size:12pt"><span style="font-family:''Times New Roman''"><span style="color:#000000">Подозрительный адрес отправителя. На первый взгляд адрес отправителя содержит правдоподобные части - там упоминается название сайта, название службы сайта, но все равно как-то странно выглядит этот адрес. Повод задуматься.</span></span></span></li>\r\n	<li style="list-style-type:decimal"><span style="font-size:12pt"><span style="font-family:''Times New Roman''"><span style="color:#000000">Когда проводится массовая рассылка, то чаще всего обращение будет обезличенным. А в настоящем сообщении, обычно будет содержатся&nbsp; обращение к пользователю.</span></span></span></li>\r\n	<li style="list-style-type:decimal"><span style="font-size:12pt"><span style="font-family:''Times New Roman''"><span style="color:#000000">&nbsp;В самом тексте письма будут содержаться подробности которые будут давить на вас, вынуждать&nbsp; перейти по некоторой ссылке и ввести свой логин и пароль, чтобы избежать серьезных последствий. В данном случае вас пытаются убедить, что злоумышленник может успеть получить доступ к вашему аккаунту, чего никто не хочет. В общем стандартное во всех методах социальной инженерии запугивание возможными последствиями неисполнения требования, и для большей эффективности давление срочностью. А под давлением и стрессом человеку сложнее мыслить. Кроме того текст может быть совершенно безграмотным с технической точки зрения, в надежде, что жертва все равно мало чего поймет в технических тонкостях того, что описывается (как в данном случае). И даже возможно наличие разного рода языковых ошибок. Которые возможно есть и здесь).</span></span></span></li>\r\n	<li style="list-style-type:decimal"><span style="font-size:12pt"><span style="font-family:''Times New Roman''"><span style="color:#000000">В сообщении будет содержаться сама ссылка. Которая даже вроде и выглядит вполне правдоподобно. Но здесь как в анекдоте - есть один нюанс.</span></span></span></li>\r\n	<li style="list-style-type:decimal"><span style="font-size:12pt"><span style="font-family:''Times New Roman''"><span style="color:#000000">Под цифрой &ldquo;6&rdquo; обозначен адрес ссылки на которую наведен курсор мыши. Адрес подозрительный&hellip; Не думаю, что стоит по нему переходить, потому что он вряд ли принадлежит vk.com (точно не принадлежит). Более того, это доменное имя, которое по невнимательности вполне можно принять за настоящее, можно купить за небольшие деньги.&nbsp;</span></span></span><img alt="" class="img-content-card" src="/media/ck_editor_files/2021/05/11/ktxaxb.png" style="height:873px; width:989px" /></li>\r\n</ol>\r\n\r\n<p style="list-style-type:decimal">&nbsp;</p>\r\n\r\n<p style="list-style-type:decimal">&nbsp;</p>\r\n\r\n<p style="list-style-type:decimal">&nbsp;</p>\r\n\r\n<p>&nbsp;</p>','\r',char(13)),'\n',char(10)),'2',2,2);
INSERT INTO mainapp_contentcard VALUES(23,replace(replace('<p><span style="font-size:12pt"><span style="font-family:''Times New Roman''"><span style="color:#000000">&nbsp;&nbsp;&nbsp; Это был самый распространенный вариант. Но не исключен вариант, что кого-то из тех, кому вы доверяете, или тот с кем вы работали был взломан. Даже на письма со знакомых адресов стоит реагировать с осторожностью. Сколько уже было случаев, когда был взломан некоторый контрагент, и по всему списков его контактов были разосланы&nbsp; фишинговые письма. Содержание этих писем могло быть разным: могли попросить перейти по&nbsp; какой-то ссылке чтобы что-то посмотреть или решить какую-то проблему (вспоминаем&nbsp; quid pro quo).&nbsp; Или попросить отправить какой-то документ содержащий конфиденциальную информацию. Опять таки вспоминаем правило о котором я говорил в каждом пункте по темам связанным с социальной инженерией -&nbsp; прежде чем что-то делать убедитесь, что тот от кого вы получаете просьбу и тот&nbsp; кому вы передаете вашу конфиденциальную информацию (это может быть отправитель письма или ресурс на котором надо будет вводить вашу конфиденциальную информацию ) это те, за кого они себя выдают.</span></span></span></p>\r\n\r\n<p><span style="font-size:12pt"><span style="font-family:''Times New Roman''"><span style="color:#000000">&nbsp;&nbsp;&nbsp; Кратко пробежимся по чуть менее распространенным вариантам фишинговых сообщений.&nbsp;</span></span></span></p>\r\n\r\n<p><span style="font-size:12pt"><span style="font-family:''Times New Roman''"><span style="color:#000000">&nbsp;&nbsp;&nbsp; Одним из нередких вариантов является случай, когда фишинговые сообщения начинают рассылать со взломанного аккаунта в социальной сети или мессенджере. Для привлечения внимания и вынуждения выполнения требуемого перехода по ссылке&nbsp; там используют не запугивающую побуждающую информацию, а информацию которая задействует чувство благородности или любопытства. К примеру вас могут попросить пройти какой-то опрос или посмотреть нечто интересное на другом ресурсе. Аналогичная просьба может прозвучать в каком-то публичном интернет пространстве в групповом чате или в каком то посте, или в комментариях, но суть одна вас просят куда-то перейти и это может оказаться фишингом.</span></span></span></p>\r\n\r\n<p><span style="font-size:12pt"><span style="font-family:''Times New Roman''"><span style="color:#000000">&nbsp;&nbsp;&nbsp; А последнее время все чаще приходится сталкиваться еще и с фишинговой рекламой. Причем даже на популярных сайтах, которые сами модерируют свою рекламу. К примеру на самом популярном видеохостинге YouTube все чаще стала появляться фишинговая реклама. Вот например малая часть того, что мне попалось всего за несколько дней.</span></span></span></p>\r\n\r\n<p><span style="font-size:12pt"><span style="font-family:''Times New Roman''"><span style="color:#000000"><img alt="" class="img-content-card" src="/media/ck_editor_files/2021/05/11/phish_adv.png" style="height:554px; width:507px" /></span></span></span></p>\r\n\r\n<p><span style="font-size:12pt"><span style="font-family:''Times New Roman''"><span style="color:#000000">Выглядит очень криво комично и несуразно, особенно грамматические ошибки на 2 и 3 картинках. А сами видео выглядят еще более ущербно: видео идет в 360p, комментарии скрыты, какой-то молодой человек с плохой дикцией в плохой микрофон&nbsp; комментирует действия которые необходимо выполнить для &ldquo;получения денег&rdquo;. На фоне играет простенькая мелодия. В ходе видео диктор сначала заходит на плохо сделанный сайт, где просят ввести номер вашей карты и номер телефона. После их ввода начинается поиск &ldquo;выплат которые вам перечислят&rdquo;. В конце этого процесса предложено будет вывести деньги, но &ldquo;вдруг&rdquo; выяснится, что для получения этих денег необходимо будет оплатить &ldquo;пошлину&rdquo;. Диктор начинает успокаивать, что такое &ldquo;иногда случается&rdquo;. И затем он переходит на криво сделанный неизвестный сайт для оплаты этой самой пошлины где в итоге необходимо будет ввести все данные вашей карты и код из смс. В общем все как в старой шутке про большое наследство:&nbsp; &nbsp; &nbsp; </span></span></span></p>\r\n\r\n<p><img alt="" class="img-content-card" src="/media/ck_editor_files/2021/05/11/weqkfw.jpg" style="height:258px; width:350px" /></p>\r\n\r\n<p><span style="font-size:12pt"><span style="font-family:''Times New Roman''"><span style="color:#000000">&nbsp;&nbsp;&nbsp; Эти примеры содержали все признаки мошенничества с использованием фишинговой атаки, причем в гротескно&nbsp; гиперболизированной форме. Но я привел их не для того, чтобы мы просто посмеялись. Это была немного затянувшаяся подводка к теме защиты данных ваших банковских карт от фишинга. В данном случае мы не будем комплексно поднимать тему безопасности онлайн операций, т.к. это сама по себе отдельная большая тема. Мы рассмотрим как использовать знания, полученные в рамках этой темы при онлайн оплате.</span></span></span></p>\r\n\r\n<p><span style="font-size:12pt"><span style="font-family:''Times New Roman''"><span style="color:#000000">&nbsp;&nbsp;&nbsp; Самое главное что вам необходимо сделать - это проверить сайт на котором вы планируете произвести онлайн оплату. Если этот сайт известный, то вам достаточно проверить адрес сайта (о чем еще раз будет сказано далее). Если адрес действительно принадлежит большому сервису и вас с ним установлено защищенное соединение (адрес начинается с&nbsp; https, и рядом расположен замочек), то вводить там данные вашей карты безопасно.</span></span></span></p>\r\n\r\n<p><span style="font-size:12pt"><span style="font-family:''Times New Roman''"><span style="color:#000000"><img alt="" class="img-content-card" src="/media/ck_editor_files/2021/05/11/https.png" style="height:191px; width:602px" /></span></span></span></p>\r\n\r\n<p><span style="font-size:12pt"><span style="font-family:''Times New Roman''"><span style="color:#000000">&nbsp;&nbsp;&nbsp; Если сайт не является очень известным онлайн агрегатором, то процесс проверки должен быть более комплексным. Вам необходимо будет удостовериться что сайт это настоящий сайт реальной организации. Почитайте отзывы об этой организации. Если все хорошо, то переходим к шагу оплаты.&nbsp; При оплате на данном сайте скорее всего будет использоваться какой-то сторонний платежный сервис. Также узнайте отзывы про этот платежный сервис, и его адрес. Сравните адрес официальный адрес ресурса и тот на котором вам предложена оплата, если они совпадают то все хорошо.&nbsp;&nbsp;&nbsp;&nbsp;&nbsp;&nbsp;&nbsp;&nbsp;&nbsp;&nbsp;&nbsp;</span></span></span></p>\r\n\r\n<p><span style="font-size:12pt"><span style="font-family:''Times New Roman''"><span style="color:#000000"><img alt="" class="img-content-card" src="/media/ck_editor_files/2021/05/11/phishing-advertisement.png" /></span></span></span></p>','\r',char(13)),'\n',char(10)),'3',3,2);
INSERT INTO mainapp_contentcard VALUES(24,replace(replace('<p><span style="font-size:12pt"><span style="font-family:''Times New Roman''"><span style="color:#000000">&nbsp;&nbsp;&nbsp; Ранее мы рассмотрели как могут выглядеть фишинговые сообщения и как их определить. И там я упомянул о том, что необходимо проверять тех от кого вы получаете сообщение и того кому/чему вы передаете свою конфиденциальную информацию. Но по ряду причин не всегда может быть уместно проверять отправителя, особенно когда речь не идет о чем-то критическом. Если на каждое сообщение будете устраивать проверки, то вас могут посчитать параноиком и это может негативно отразится на ваших социальных связях. И в данном случае намного более простым и удобным для всех будет научится проверять того, кому/чему вы передаете информацию (конкретно в нашей теме - интернет сайту).</span></span></span></p>\r\n\r\n<p><span style="font-size:12pt"><span style="font-family:''Times New Roman''"><span style="color:#000000">&nbsp;&nbsp;&nbsp;Итак, снова вспоминаем маркеры фишингового письма о которых я говорил ранее. Допустим, что отправитель является достоверным и все текстовые поля сообщений тоже не содержат в себе ничего подозрительного. Остается только проверить ссылку. Проверим на практике то, как вы поняли информацию в пункте №6, в котором говорится о ссылках.</span></span></span></p>\r\n\r\n<p><span style="font-size:12pt"><span style="font-family:''Times New Roman''"><span style="color:#000000">&nbsp;&nbsp;&nbsp; Вот 2 ссылки на сайт соц сети ВКонтакте (VK). Посмотрите какая из них ведет на настоящий сайт, а какая на фишинговый, не переходя по ссылке.&nbsp;</span></span></span></p>\r\n\r\n<p><a href="https://vk.com" target="_blank">Ссылка 1</a></p>\r\n\r\n<p><a href="/vk/">Ссылка 2</a></p>\r\n\r\n<p><span style="font-size:12pt"><span style="font-family:''Times New Roman''"><span style="color:#000000">&nbsp;&nbsp;&nbsp; Затем перейдите по обеим ссылкам и сравните страницы.</span></span></span></p>\r\n\r\n<p><span style="font-size:12pt"><span style="font-family:''Times New Roman''"><span style="color:#000000">&nbsp;&nbsp;&nbsp; Как вы возможно поняли, фишинговый сайт находился на второй ссылке. И как вы могли заметить, он почти ничем, кроме адреса, не отличался от оригинального сайта. То есть самым главным маркером фишинга является адрес ресурса на который осуществляется переход. Фишинговый сайт будет иметь другой адрес, который возможно будет и весьма похож.&nbsp;&nbsp;</span></span></span></p>\r\n\r\n<p><span style="font-size:12pt"><span style="font-family:''Times New Roman''"><span style="color:#000000">И несмотря на то, что ввиду усложнения сайтов становится все сложнее сделать полную достоверную копию, мне все равно достаточно легко удалось сделать необходимый минимум для фишинг атаки.&nbsp;&nbsp;&nbsp;</span></span></span></p>\r\n\r\n<p><span style="font-size:12pt"><span style="font-family:''Times New Roman''"><span style="color:#000000">&nbsp;&nbsp;&nbsp; </span></span></span><span style="font-size:12pt"><span style="font-family:''Times New Roman''"><span style="color:#000000">Итак, мы изучили признаки по которым можно определить фишинговое сообщение, в какой форме может быть это сообщение и даже посмотрели на сайт который может использоваться для фишинга. Напоследок резюмируем вышесказанное.</span></span></span></p>\r\n\r\n<p><span style="font-size:12pt"><span style="font-family:''Times New Roman''"><span style="color:#000000">Всегда внимательно смотрите от кого исходит сообщение. Если источник вам не знаком или кажется подозрительным, то либо насторожитесь и примете меры по проверке достоверности, либо просто проигнорируйте данное сообщение.&nbsp;&nbsp;</span></span></span></p>\r\n\r\n<p><span style="font-size:12pt"><span style="font-family:''Times New Roman''"><span style="color:#000000">Всегда сохраняйте спокойствие, не впадайте в панику от и не поддавайтесь побуждающим факторам, о которых я говорил ранее.</span></span></span></p>\r\n\r\n<p><span style="font-size:12pt"><span style="font-family:''Times New Roman''"><span style="color:#000000">Проверяйте ссылки. Желательно не переходить по прикрепленным ссылкам если вы не уверены в том, что ссылка указывает на ресурс которому вы доверяете.</span></span></span></p>\r\n\r\n<p><span style="font-size:12pt"><span style="font-family:''Times New Roman''"><span style="color:#000000">Техническое дополнение: никогда не указывайте на сайте, который работает не по http</span></span></span><span style="font-size:12pt"><span style="font-family:''Times New Roman''"><span style="color:#000000"><strong>s</strong></span></span></span><span style="font-size:12pt"><span style="font-family:''Times New Roman''"><span style="color:#000000"> свою конфиденциальную информацию. Во-первых, https обеспечивает шифрование трафика. И даже если кто-то его перехватит, то у него вряд ли удастся его расшифровать. Во-вторых, https защищает атак связанных с подменой DNS (адреса, на который будет произведено обращение по ссылке)&nbsp;&nbsp;&nbsp;</span></span></span></p>','\r',char(13)),'\n',char(10)),'4',4,2);
INSERT INTO mainapp_contentcard VALUES(25,replace(replace('<p><span style="font-size:12pt"><span style="font-family:''Times New Roman''"><span style="color:#000000">В общем случае спам - это рассылка писем лицам, которые не давали разрешения на данную рассылку.</span></span></span></p>\r\n\r\n<p><span style="font-size:12pt"><span style="font-family:''Times New Roman''"><span style="color:#000000">&nbsp;&nbsp;&nbsp; </span></span></span><span style="font-size:12pt"><span style="font-family:''Times New Roman''"><span style="color:#000000">Приведем краткую классификацию спама, после чего перейдем к основной проблеме которую разобрать.</span></span></span></p>\r\n\r\n<p><span style="font-size:12pt"><span style="font-family:''Times New Roman''"><span style="color:#000000">Итак спам можно поделить на 2 группы которые содержат в себе по несколько видов:</span></span></span></p>\r\n\r\n<ol>\r\n	<li style="list-style-type:decimal"><span style="font-size:12pt"><span style="font-family:''Times New Roman''"><span style="color:#000000">Рекламный/информационный. В данном случае рекламой может считаться любое информирование о котором вы не просили о чем-либо. Причем это информирование может иметь как положительный посыл, так и отрицательный (антиреклама)</span></span></span></li>\r\n	<li style="list-style-type:decimal"><span style="font-size:12pt"><span style="font-family:''Times New Roman''"><span style="color:#000000">Вредоносный. Его можно разделить на 3 вида:</span></span></span>\r\n	<ol>\r\n		<li style="list-style-type:lower-alpha"><span style="font-size:12pt"><span style="font-family:''Times New Roman''"><span style="color:#000000">Мошеннический. Когда у вас под некоторым предлогом пытаются убедить заплатить за что-то чего нет на самом деле. Вот комичный пример такого мошенничества:</span></span></span> <img alt="" class="img-content-card" src="/media/ck_editor_files/2021/05/11/weqkfw.jpg" style="height:258px; width:350px" />  <span style="font-size:12pt"><span style="font-family:''Times New Roman''"><span style="color:#000000">Также вам могут предложить купить некоторый товар или услугу которых нет, либо действовать под видом представителя того, чем вы реально пользуетесь. К примеру спамер может представляться представителем некоторого сервиса которым вы пользуетесь и попросить что-либо оплатить или сделать какие-либо действия. &nbsp; &nbsp; </span></span></span></li>\r\n		<li style="list-style-type:lower-alpha"><span style="font-size:12pt"><span style="font-family:''Times New Roman''"><span style="color:#000000">Это может быть фишинговое письмо. Возможно вы уже изучили представленные материалы по фишингу. Если нет, то крайне советую сделать это. Там будет все подробно разобрано.</span></span></span></li>\r\n		<li style="list-style-type:lower-alpha"><span style="font-size:12pt"><span style="font-family:''Times New Roman''"><span style="color:#000000">Содержащие вредоносное программное обеспечение. Именно о нем мы и поговорим подробнее.</span></span></span></li>\r\n	</ol>\r\n	</li>\r\n</ol>\r\n\r\n<p><span style="font-size:12pt"><span style="font-family:''Times New Roman''"><span style="color:#000000">И на самом деле это является большой проблемой. На протяжении последних нескольких лет наблюдается ежегодный значительный рост числа заражений вредоносным ПО. Рост этот был по 40-55% процентов в год. А основным способом его распространения является рассылка по электронной почте. От 30 до 70 процентов вредоносного ПО доставлялось именно по ней. И чтобы остановить этот пугающий рост нам необходимо научиться защищаться от этого.</span></span></span></p>\r\n\r\n<p><span style="font-size:12pt"><span style="font-family:''Times New Roman''"><span style="color:#000000">Все вредоносные спам письма основаны на принципах которые я подробно описал в теме фишинг. Напомню:</span></span></span></p>\r\n\r\n<p><span style="font-size:12pt"><span style="font-family:''Times New Roman''"><span style="color:#000000">Письмо от злоумышленника будет содержать текст который будет побуждать вас выполнить некоторые действия и некоторую &ldquo;полезную нагрузку&rdquo;. В случае с фишингом полезной нагрузкой будет ссылка, а побуждать вас будут перейти по ссылке и ввести свои данные. В случае с распространением вредоносного ПО полезной нагрузкой будет некоторый файл, а побуждать вас будут его загрузить и запустить.</span></span></span></p>\r\n\r\n<p><span style="font-size:12pt"><span style="font-family:''Times New Roman''"><span style="color:#000000">Побуждение может быть самым разнообразным: вызывающим любопытство, нагнетающим (если не сказать запугивающим) последствиями неисполнения требования, или использующие благородные мотивы.</span></span></span></p>\r\n\r\n<p><span style="font-size:12pt"><span style="font-family:''Times New Roman''"><span style="color:#000000">Обычно отправителем подобных писем являются незнакомые адресаты, которые попытались&nbsp; подобрать себе правдоподобное для своей &ldquo;роли&rdquo; имя. Но даже когда письмо приходит от знакомого человека не стоит забывать о мерах осторожности т.к. аккаунт этого знакомого могли взломать.&nbsp;&nbsp;&nbsp;&nbsp;&nbsp;&nbsp;&nbsp;&nbsp;</span></span></span></p>\r\n\r\n<p><span style="font-size:12pt"><span style="font-family:''Times New Roman''"><span style="color:#000000">&nbsp;&nbsp;&nbsp; </span></span></span><span style="font-size:12pt"><span style="font-family:''Times New Roman''"><span style="color:#000000">Это было краткое напоминание, но я все равно настоятельно советую вам посмотреть материалы по фишингу если вы его еще не смотрели, либо посмотреть еще раз, если не вспомнили о приведенных выше принципах.</span></span></span></p>\r\n\r\n<p>&nbsp;</p>','\r',char(13)),'\n',char(10)),'1',1,5);
INSERT INTO mainapp_contentcard VALUES(26,replace(replace('<p><span style="font-size:12pt"><span style="font-family:''Times New Roman''"><span style="color:#000000">&nbsp;&nbsp;&nbsp; Мы кратко рассмотрели каким может быть отправитель письма и его текст. Теперь рассмотрим каким может быть вредоносный файл полезной нагрузки.</span></span></span></p>\r\n\r\n<p><span style="font-size:12pt"><span style="font-family:''Times New Roman''"><span style="color:#000000">&nbsp;&nbsp;&nbsp; Возможно, вы уже об этом знали, а если нет то наверно очень этому удивитесь, но самым распространенным типом файлов содержащим вредоносное ПО являются офисные файлы. Они могут быть опасны из-за того, что в них могут быть вредоносные макросы.&nbsp; По сути макросы это настоящие программы которые создаются на полноценном языке программирования. А из-за того, что при написании используется полноценный язык программирования существует возможность написать любую программу в том числе и вредоносную. Поэтому осторожнее относитесь к незнакомым офисным файлам и НИКОГДА не разрешайте для них выполнение макросов.</span></span></span></p>\r\n\r\n<p><span style="font-size:12pt"><span style="font-family:''Times New Roman''"><span style="color:#000000">&nbsp;&nbsp;&nbsp; Немного менее популярным типом файла для распространения вредоносного ПО являются различного рода архивы (ZIP, RAR, TAR, особенно SFX). Из них SFX является наиболее опасным, т.к. при его распаковке автоматически запускается вложенный исполняемый файл. Также злоумышленники могут использовать шифрование архивов, чтобы системы безопасности почтовых сервисов не смогли проанали проанализировать его содержимое. Относитесь с осторожностью к зашифрованным архивам.</span></span></span></p>\r\n\r\n<p><span style="font-size:12pt"><span style="font-family:''Times New Roman''"><span style="color:#000000">&nbsp;&nbsp;&nbsp; Также злоумышленник может пускай и ограниченный, но все же вредоносный функционал с помощью языка JavaScript в pdf файлы.&nbsp;</span></span></span></p>\r\n\r\n<p><span style="font-size:12pt"><span style="font-family:''Times New Roman''"><span style="color:#000000">&nbsp;&nbsp;&nbsp; Есть еще много других опасных типов файлов в которые могут содержать вредоносный функционал: скрипты операционных систем (.bat, .ps ...), разного рода исполняемые файлы (.exe, .msi ...) вариантов много, но так мы можем слишком углубиться в технические подробности.&nbsp; Поэтому давайте сразу перейдем к советам как защитить себя.</span></span></span></p>\r\n\r\n<p><span style="font-size:12pt"><span style="font-family:''Times New Roman''"><span style="color:#000000">&nbsp;&nbsp;&nbsp; Наиболее безопасный вариант - это запуск всех присланных вложенных файлов только в изолированных виртуальных пространствах: песочницах (sandbox) которые имеются в профессиональных версиях Windows, или на виртуальных машинах.&nbsp;</span></span></span></p>\r\n\r\n<p><span style="font-size:12pt"><span style="font-family:''Times New Roman''"><span style="color:#000000">&nbsp;&nbsp;&nbsp; Но возможно, для некоторых это будет слишком сложно, а кто-то посчитает, что проверять каждый пришедший файл таким образом это слишком параноидальная затея. Поэтому я перечислю вам ряд более мягких мер по защите себя от вложенного в письма вредоносного ПО.</span></span></span></p>\r\n\r\n<p><span style="font-size:12pt"><span style="font-family:''Times New Roman''"><span style="color:#000000">&nbsp;&nbsp;&nbsp; В каких же случаях можно не прибегать к описанным ранее методам:&nbsp;</span></span></span></p>\r\n\r\n<ol>\r\n	<li style="list-style-type:decimal"><span style="font-size:12pt"><span style="font-family:''Times New Roman''"><span style="color:#000000">В случаях когда вам приходит файл офисного типа (doc, docx, xls,pdf ...) от доверенного лица и вы знаете, что это лицо должно было прислать что-то подобное. В таких случаях вы можете открыть файл, но при условии что у вас отключен автозапуск макросов (подробнее </span></span></span><a href="https://support.microsoft.com/ru-ru/topic/%D0%B2%D0%BA%D0%BB%D1%8E%D1%87%D0%B5%D0%BD%D0%B8%D0%B5-%D0%B8-%D0%BE%D1%82%D0%BA%D0%BB%D1%8E%D1%87%D0%B5%D0%BD%D0%B8%D0%B5-%D0%BC%D0%B0%D0%BA%D1%80%D0%BE%D1%81%D0%BE%D0%B2-%D0%B2-%D1%84%D0%B0%D0%B9%D0%BB%D0%B0%D1%85-office-12b036fd-d140-4e74-b45e-16fed1a7e5c6" style="text-decoration:none"><span style="font-size:12pt"><span style="font-family:''Times New Roman''"><span style="color:#1155cc"><u>ссылка</u></span></span></span></a><span style="font-size:12pt"><span style="font-family:''Times New Roman''"><span style="color:#000000">) и вы не будете запускать их сами (лично не удостоверившись что макрос безопасен).</span></span></span></li>\r\n	<li style="list-style-type:decimal"><span style="font-size:12pt"><span style="font-family:''Times New Roman''"><span style="color:#000000">В случаях когда вам неожиданно пришел файл офисного типа от доверенного лица, перед открытием присланного файла свяжитесь с этим доверенным лицом по какому-нибудь другому каналу связи (не по этой же электронной почте ), и ненавязчиво переспросите о присланном файле. Так вы сможете убедиться, что письмо пришло именно от него, и что его не взломали. И при этом не показаться параноиком.</span></span></span></li>\r\n</ol>\r\n\r\n<p>&nbsp;</p>\r\n\r\n<p><span style="font-size:12pt"><span style="font-family:''Times New Roman''"><span style="color:#000000">&nbsp;&nbsp;&nbsp; В остальных случаях лучше все таки заморочиться и сделать все безопасным способом. Вы столкнетесь со сложностями только при первичной настройке (а в некоторых случаях они уже настроены), а в последующие разы все будет просто. И главное таким образом вы будете в полной безопасности.&nbsp;&nbsp;&nbsp;</span></span></span></p>','\r',char(13)),'\n',char(10)),'2',2,5);
INSERT INTO mainapp_contentcard VALUES(27,replace(replace('<p style="text-align:right"><span style="font-size:11pt"><span style="font-family:Arial"><span style="color:#000000"><em>&ldquo;Кто владеет информацией - тот владеет миром&rdquo;.&nbsp;</em></span></span></span></p>\r\n\r\n<p style="margin-left:336px; text-align:right"><span style="font-size:11pt"><span style="font-family:Arial"><span style="color:#000000"><em>&nbsp;Н. Ротшильд&nbsp;</em></span></span></span></p>\r\n\r\n<p>&nbsp;</p>\r\n\r\n<p style="text-align:justify"><span style="font-size:12pt"><span style="font-family:''Times New Roman''"><span style="color:#000000">&nbsp;&nbsp;&nbsp; В настоящее время эта фраза актуальна как никогда прежде. Ввиду того, что мы живем в информационную эру, подавляющее большинство&nbsp; окружающего нас так или иначе связано с различными информационными процессами. Поэтому всем без исключения людям необходимо обладать хотя бы базовым набором знаний о том, как защитить свою информацию, что в текущих реалиях почти равносильно защите самого себя. И я помогу вам в получении этих критически важных знаний.&nbsp;&nbsp;</span></span></span></p>\r\n\r\n<p style="text-align:justify"><span style="font-size:12pt"><span style="font-family:''Times New Roman''"><span style="color:#000000">&nbsp;&nbsp;&nbsp; В данном цикле тем присутствуют описание и методы защиты для самых распространенных по статистике информационных атак на человека. Некоторые из них перекликаются, они могут быть похожи друг на друга, так как основаны на схожих принципах. Поэтому иногда у вас может складываться ощущение, что мы рассматриваем очень похожие вещи, и что в процессе их рассмотрения я часто повторяю одни и те же (либо очень похожие тезисы). И это так. Во-первых, потому что как я уже сказал, многие атаки на человека основаны на похожих принципах, и соответственно они будут иметь схожие методы противодействия. А во-вторых, местами я создавал намеренные повторы некоторых тезисов и дополнительные ссылки на другие материалы в контексте: &ldquo;А вот вспомните, мы говорили об этом&rdquo;. Этот акт сделан в целях повышения вероятности, что читатель точно запомнит как минимум самые главные тезисы. И это отражает применение поговорки &ldquo;повторение - мать учения&rdquo;. Или если более научно, то улучшение запоминаемости важной информации основываясь на выводах о &ldquo;Кривой Эббингауза&rdquo;.&nbsp;</span></span></span></p>\r\n\r\n<p style="text-align:justify"><span style="font-size:12pt"><span style="font-family:''Times New Roman''"><span style="color:#000000">&nbsp;&nbsp;&nbsp; Иногда я буду говорить о вероятностях и частоте встречаемости некоторых событий. И в основном буду использовать некоторые условные и сравнительные понятия. Не забывайте: если я говорю, что вероятность чего-то небольшая, то это не значит что этого не случится. Закон Мерфи никто не отменял.&nbsp;</span></span></span></p>\r\n\r\n<p style="text-align:justify"><img alt="" class="img-content-card" src="/media/ck_editor_files/2021/05/13/qogpcfik5xc.jpg" style="height:1008px; width:880px" /></p>\r\n\r\n<p style="text-align:justify"><span style="font-size:12pt"><span style="font-family:''Times New Roman''"><span style="color:#000000">&nbsp;&nbsp;&nbsp; В процессе написания материалов я пытался комплексно рассмотреть подозреваемую проблему, донести ее суть. Также, давая вам советы по защите, я старался не просто вам все запретить, а советовал какими способами можно защитится&nbsp;</span></span></span></p>\r\n\r\n<p style="text-align:justify"><span style="font-size:12pt"><span style="font-family:''Times New Roman''"><span style="color:#000000">&nbsp;&nbsp;&nbsp; Несмотря на все трудности работы автора с которыми я столкнулся в процессе написания данных материалов, надеюсь что мне удалось создать интересные, оригинальные и полезные для вас материалы. А знания которые вы получите еще не раз вам пригодятся и помогут защитить себя.&nbsp;</span></span></span></p>','\r',char(13)),'\n',char(10)),'1',1,3);
CREATE TABLE IF NOT EXISTS "mainapp_comment" ("id" integer NOT NULL PRIMARY KEY AUTOINCREMENT, "content" text NOT NULL, "date" datetime NOT NULL, "modified" datetime NOT NULL, "topic_id" integer NOT NULL REFERENCES "mainapp_topic" ("id") DEFERRABLE INITIALLY DEFERRED, "user_id" integer NOT NULL REFERENCES "auth_user" ("id") DEFERRABLE INITIALLY DEFERRED);
INSERT INTO mainapp_comment VALUES(1,'comment from DAN','2021-04-29 08:25:44.148896','2021-04-29 08:25:44.148937',4,1);
INSERT INTO mainapp_comment VALUES(2,'123','2021-04-29 11:13:37.651853','2021-04-29 11:13:37.651881',1,1);
INSERT INTO mainapp_comment VALUES(3,'123','2021-04-29 12:26:05.369472','2021-04-29 12:26:05.369515',1,1);
INSERT INTO mainapp_comment VALUES(4,'123455678','2021-04-29 16:53:55.587097','2021-04-29 16:53:55.587179',1,1);
INSERT INTO mainapp_comment VALUES(7,'new_method','2021-04-30 07:50:19.331181','2021-04-30 07:50:19.331255',4,1);
CREATE TABLE IF NOT EXISTS "questionapp_question" ("id" integer NOT NULL PRIMARY KEY AUTOINCREMENT, "text" text NOT NULL, "topic_id" integer NOT NULL REFERENCES "mainapp_topic" ("id") DEFERRABLE INITIALLY DEFERRED);
INSERT INTO questionapp_question VALUES(4,replace(replace('<p><img alt="" class="img-content-card" src="/media/ck_editor_files/2021/04/26/realvk.png" style="height:914px; width:1608px" /></p>\r\n\r\n<p>&nbsp;</p>\r\n\r\n<p>Является ли данная страница сайта vk.com фишинговой?</p>','\r',char(13)),'\n',char(10)),2);
INSERT INTO questionapp_question VALUES(6,'<p>Какие из следующих паролей являются недостаточно сильными?</p>',4);
INSERT INTO questionapp_question VALUES(7,'<p>Каким способом можно получить наиболее оптимальный пароль?</p>',4);
INSERT INTO questionapp_question VALUES(8,'<p>Необходимо ли часто (раз в 2-6 месяцев) менять пароли?</p>',4);
INSERT INTO questionapp_question VALUES(9,'<p>Что можно использовать для упрощения обращения с паролями?</p>',4);
INSERT INTO questionapp_question VALUES(10,'<p>Можно ли использовать один пароль для нескольких сервисов?</p>',4);
INSERT INTO questionapp_question VALUES(11,'<p>Что такое социальная инженерия?</p>',1);
INSERT INTO questionapp_question VALUES(12,'<p>Вам позвонил с известного вам номера незнакомый человек и сообщил о некоторой проблеме, а также попросил вас кое о чем для ее решения. Что вы сделаете?</p>',1);
INSERT INTO questionapp_question VALUES(13,'<p>Вы решили поработать с конфиденциальной информацией. Что вы будете при этом делать?</p>',1);
INSERT INTO questionapp_question VALUES(14,'<p>Вы нашли неизвестную флешку. Что вы можете делать?</p>',1);
INSERT INTO questionapp_question VALUES(15,'<p>Какие методы может использовать злоумышленник чтобы заставить вас что-то сделать?</p>',1);
INSERT INTO questionapp_question VALUES(16,'<p>На что нужно обратить внимание, чтобы понять является ли письмо фишинговым?</p>',2);
INSERT INTO questionapp_question VALUES(17,'<p>Как обезопасить свою аутентификационную информацию (пароли и т.д.) при работе в сети интернет?</p>',2);
INSERT INTO questionapp_question VALUES(18,'<p>Фишинг в контексте информационной безопасности это?</p>',2);
INSERT INTO questionapp_question VALUES(19,replace(replace('<p>&nbsp;</p>\r\n\r\n<p><img alt="" class="img-content-card" src="/media/ck_editor_files/2021/05/13/phishing_email.png" style="height:888px; width:1159px" /></p>\r\n\r\n<p>Является ли данное письмо похожим на фишинговое?</p>','\r',char(13)),'\n',char(10)),2);
INSERT INTO questionapp_question VALUES(20,'<p>В каких целях может использоваться спам?</p>',5);
INSERT INTO questionapp_question VALUES(21,'<p>Как защититься от возможных последствий подозрительного письма с приложенным файлом?</p>',5);
INSERT INTO questionapp_question VALUES(22,'<p>Какие приложенные архивы являются самыми подозрительныим?</p>',5);
INSERT INTO questionapp_question VALUES(23,'<p>Что нужно сделать перед открытием документов офисного пакета?</p>',5);
CREATE TABLE IF NOT EXISTS "questionapp_questioncard" ("id" integer NOT NULL PRIMARY KEY AUTOINCREMENT, "text" varchar(512) NOT NULL, "image" varchar(100) NULL, "topic_id" integer NOT NULL REFERENCES "mainapp_topic" ("id") DEFERRABLE INITIALLY DEFERRED);
INSERT INTO questionapp_questioncard VALUES(1,'Тест по социальной инженерии','card_img/social_ing_wakbN7S.jpg',1);
INSERT INTO questionapp_questioncard VALUES(2,'Пройти тест по теме спам','',5);
INSERT INTO questionapp_questioncard VALUES(3,'Пройти тест по теме парольная политика','card_img/is_my_pswd_safe_Парольная_политика.png',4);
INSERT INTO questionapp_questioncard VALUES(4,'Тест по теме "Фишинг"','card_img/phishing_xdO6Czg.webp',2);
CREATE TABLE IF NOT EXISTS "mainapp_card" ("id" integer NOT NULL PRIMARY KEY AUTOINCREMENT, "image" varchar(100) NULL, "text" varchar(512) NOT NULL, "title" varchar(256) NOT NULL, "order" integer NOT NULL, "topic_id" integer NOT NULL UNIQUE REFERENCES "mainapp_topic" ("id") DEFERRABLE INITIALLY DEFERRED);
INSERT INTO mainapp_card VALUES(1,'card_img/phishing_NMhopXI.webp','Давайте узнаем все о фишинге и не  оставим им шансов!','Более 50% хакеров  используют  фишинг  в качестве отправной  точки взлома',3,2);
INSERT INTO mainapp_card VALUES(2,'card_img/introduction.jpg','Коментарии от автора','Введение',1,3);
INSERT INTO mainapp_card VALUES(3,'card_img/bad_pswd.png','Ваш пароль должен содержать цифры, буквы, знаки пунктуации, завязку, развитие, кульминацию, неожиданный финал и ...','Как выбрать хороший пароль?',2,4);
INSERT INTO mainapp_card VALUES(4,'card_img/spam.webp','Узнайте как реагировать на подозрительные вложения к письму','Чем может быть опасен спам',4,5);
INSERT INTO mainapp_card VALUES(5,'card_img/social_ing.jpg','спастись от этого “взрыва”   поможет советский копеечный  ...','В  последние годы наблюдается  взрывной рост количества   инцедентов безопасности  связанных с социальной  инженерией',2,1);
CREATE TABLE IF NOT EXISTS "questionapp_answer" ("id" integer NOT NULL PRIMARY KEY AUTOINCREMENT, "correct" bool NOT NULL, "question_id" integer NOT NULL REFERENCES "questionapp_question" ("id") DEFERRABLE INITIALLY DEFERRED, "text" varchar(512) NOT NULL);
INSERT INTO questionapp_answer VALUES(8,0,4,'Да');
INSERT INTO questionapp_answer VALUES(9,1,4,'Нет');
INSERT INTO questionapp_answer VALUES(11,1,6,'Den4e9_1999');
INSERT INTO questionapp_answer VALUES(12,1,6,'123-qwe-asd-zxc');
INSERT INTO questionapp_answer VALUES(13,0,6,'rPlMb5q/bcz50=');
INSERT INTO questionapp_answer VALUES(14,1,6,'g00gle-mb|L021');
INSERT INTO questionapp_answer VALUES(15,0,7,'Сгенерировать его криптостойким генератором');
INSERT INTO questionapp_answer VALUES(16,1,7,'Использовать мнемонические техники для создания и запоминания');
INSERT INTO questionapp_answer VALUES(17,0,7,'Создать пароль из расположенных рядом символов');
INSERT INTO questionapp_answer VALUES(18,0,8,'Да');
INSERT INTO questionapp_answer VALUES(19,0,8,'Нет');
INSERT INTO questionapp_answer VALUES(20,1,8,'Нет, если это не противоречит каким-либо требованиям лицензирования');
INSERT INTO questionapp_answer VALUES(21,1,9,'Парольный менеджер');
INSERT INTO questionapp_answer VALUES(22,0,9,'Один пароль для всех сервисов');
INSERT INTO questionapp_answer VALUES(23,0,9,'OpenVPN');
INSERT INTO questionapp_answer VALUES(24,1,9,'OpenID, OpenAuth');
INSERT INTO questionapp_answer VALUES(25,0,10,'Да');
INSERT INTO questionapp_answer VALUES(26,0,10,'Нет');
INSERT INTO questionapp_answer VALUES(27,0,10,'Да, если он очень "сильный"');
INSERT INTO questionapp_answer VALUES(28,1,10,'Да, если важность этих сервисов для вас не критична, а их ценность мала');
INSERT INTO questionapp_answer VALUES(29,0,11,'Наука о проектировании городской среды для комфортного проживания социума');
INSERT INTO questionapp_answer VALUES(30,1,11,'Наука о человеческом поведении, и том как на него влиять');
INSERT INTO questionapp_answer VALUES(31,0,11,'Наука о создании идеального общества');
INSERT INTO questionapp_answer VALUES(32,0,12,'Сделаю то, что он скажет. Так как все проблемы нужно решать');
INSERT INTO questionapp_answer VALUES(33,1,12,'Прежде чем что-то делать, проверю тот ли этот человек, за кого он себя выдает');
INSERT INTO questionapp_answer VALUES(34,1,12,'Прежде чем что-то делать, проверю есть ли такая проблема на самом деле');
INSERT INTO questionapp_answer VALUES(35,0,12,'Нет, вообще ничего не буду делать. Вокруг одни мошенники');
INSERT INTO questionapp_answer VALUES(36,0,13,'Просто работать');
INSERT INTO questionapp_answer VALUES(37,0,13,'Прежде чем начать работать сяду так, чтобы не было видно мою инфомацию');
INSERT INTO questionapp_answer VALUES(38,1,13,'Прежде чем начать работать сяду так, чтобы не было видно мою инфомацию и периодически буду контролировать не могут ли подсмотреть находящиеся поблизости люди');
INSERT INTO questionapp_answer VALUES(39,0,13,'Прежде чем При работе буду периодически контролировать не могут ли подсмотреть находящиеся поблизости люди');
INSERT INTO questionapp_answer VALUES(40,0,14,'Вставлю ее в свой рабочий компьтер, чтобы посмотреть что на ней');
INSERT INTO questionapp_answer VALUES(41,0,14,'Вставлю ее в компьютер соседа');
INSERT INTO questionapp_answer VALUES(42,1,14,'Вставлю ее в не важное устройство изолированное от компьютерной сети');
INSERT INTO questionapp_answer VALUES(43,1,14,'Не буду ее никуда вставлять');
INSERT INTO questionapp_answer VALUES(44,1,15,'Говорить о возможных серьезных последствиях');
INSERT INTO questionapp_answer VALUES(45,1,15,'Упоминать отрывочную информацию о вас чтобы убедить что этот человек тот, за кого он себя выдает');
INSERT INTO questionapp_answer VALUES(46,1,15,'Подгонять вас тем, что времени на раздумия нет');
INSERT INTO questionapp_answer VALUES(47,1,15,'Подгонять вас тем, что у вас все равно не получится проверить');
INSERT INTO questionapp_answer VALUES(48,1,16,'Адрес отправителя');
INSERT INTO questionapp_answer VALUES(49,0,16,'Кем представляется отправитель письма');
INSERT INTO questionapp_answer VALUES(50,1,16,'На то, куда ведет ссылка');
INSERT INTO questionapp_answer VALUES(51,1,16,'Запугивает ли или торопит вас текстовая часть письма');
INSERT INTO questionapp_answer VALUES(52,1,17,'Проверять адрес сайта на котором вы вводите свои данные');
INSERT INTO questionapp_answer VALUES(53,0,17,'Внимательно смотреть на то, как выглядит сайт');
INSERT INTO questionapp_answer VALUES(54,1,17,'Вводить свои данные только при подключении по HTTPS');
INSERT INTO questionapp_answer VALUES(55,0,17,'Вводить свои данные только при подключении по HTTP');
INSERT INTO questionapp_answer VALUES(56,0,18,'Рыбалка');
INSERT INTO questionapp_answer VALUES(57,1,18,'Метод социальной инженерии направленный на кражу аутентификационной информации');
INSERT INTO questionapp_answer VALUES(58,0,18,'Метод социальной инженерии направленный на поиск информации о жертве');
INSERT INTO questionapp_answer VALUES(59,0,18,'Метод социальной инженерии заключающийся в подбрасывании зараженного физического носителя');
INSERT INTO questionapp_answer VALUES(60,1,19,'Да');
INSERT INTO questionapp_answer VALUES(61,0,19,'Нет');
INSERT INTO questionapp_answer VALUES(62,1,20,'Реклама');
INSERT INTO questionapp_answer VALUES(63,1,20,'Антиреклама');
INSERT INTO questionapp_answer VALUES(64,1,20,'Доставка вредоносного файла');
INSERT INTO questionapp_answer VALUES(65,0,20,'Для взлома серверов');
INSERT INTO questionapp_answer VALUES(66,1,21,'Открывать приложенный файл в изолированной "песочнице" или виртуальной машине');
INSERT INTO questionapp_answer VALUES(67,1,21,'Перед открытием файла убедиться в том, что его отправил именно доверенный человек');
INSERT INTO questionapp_answer VALUES(68,0,21,'Открывать только файлы распространенных "офисных" форматов');
INSERT INTO questionapp_answer VALUES(69,0,22,'Формата "rar"');
INSERT INTO questionapp_answer VALUES(70,1,22,'Формата "sfx"');
INSERT INTO questionapp_answer VALUES(71,1,22,'Зашифрованные архивы');
INSERT INTO questionapp_answer VALUES(72,0,22,'Архивы с большим весом');
INSERT INTO questionapp_answer VALUES(73,0,23,'Проверить его антивирусом');
INSERT INTO questionapp_answer VALUES(74,1,23,'Проверить отключен ли автозапуск макросов, отключить его, и не запускать его вручную');
INSERT INTO questionapp_answer VALUES(75,1,23,'Запустить виртуальную машину и открыть файл на ней');
DELETE FROM sqlite_sequence;
INSERT INTO sqlite_sequence VALUES('django_migrations',43);
INSERT INTO sqlite_sequence VALUES('django_admin_log',199);
INSERT INTO sqlite_sequence VALUES('django_content_type',16);
INSERT INTO sqlite_sequence VALUES('auth_permission',68);
INSERT INTO sqlite_sequence VALUES('auth_group',0);
INSERT INTO sqlite_sequence VALUES('auth_user',2);
INSERT INTO sqlite_sequence VALUES('mainapp_topic',5);
INSERT INTO sqlite_sequence VALUES('mainapp_contentcard',27);
INSERT INTO sqlite_sequence VALUES('easy_thumbnails_source',8);
INSERT INTO sqlite_sequence VALUES('easy_thumbnails_thumbnail',10);
INSERT INTO sqlite_sequence VALUES('mainapp_comment',19);
INSERT INTO sqlite_sequence VALUES('auth_user_user_permissions',3);
INSERT INTO sqlite_sequence VALUES('questionapp_question',23);
INSERT INTO sqlite_sequence VALUES('questionapp_questioncard',4);
INSERT INTO sqlite_sequence VALUES('mainapp_card',5);
INSERT INTO sqlite_sequence VALUES('questionapp_answer',75);
CREATE UNIQUE INDEX "auth_group_permissions_group_id_permission_id_0cd325b0_uniq" ON "auth_group_permissions" ("group_id", "permission_id");
CREATE INDEX "auth_group_permissions_group_id_b120cbf9" ON "auth_group_permissions" ("group_id");
CREATE INDEX "auth_group_permissions_permission_id_84c5c92e" ON "auth_group_permissions" ("permission_id");
CREATE UNIQUE INDEX "auth_user_groups_user_id_group_id_94350c0c_uniq" ON "auth_user_groups" ("user_id", "group_id");
CREATE INDEX "auth_user_groups_user_id_6a12ed8b" ON "auth_user_groups" ("user_id");
CREATE INDEX "auth_user_groups_group_id_97559544" ON "auth_user_groups" ("group_id");
CREATE UNIQUE INDEX "auth_user_user_permissions_user_id_permission_id_14a6b632_uniq" ON "auth_user_user_permissions" ("user_id", "permission_id");
CREATE INDEX "auth_user_user_permissions_user_id_a95ead1b" ON "auth_user_user_permissions" ("user_id");
CREATE INDEX "auth_user_user_permissions_permission_id_1fbb5f2c" ON "auth_user_user_permissions" ("permission_id");
CREATE INDEX "django_admin_log_content_type_id_c4bce8eb" ON "django_admin_log" ("content_type_id");
CREATE INDEX "django_admin_log_user_id_c564eba6" ON "django_admin_log" ("user_id");
CREATE UNIQUE INDEX "django_content_type_app_label_model_76bd3d3b_uniq" ON "django_content_type" ("app_label", "model");
CREATE UNIQUE INDEX "auth_permission_content_type_id_codename_01ab375a_uniq" ON "auth_permission" ("content_type_id", "codename");
CREATE INDEX "auth_permission_content_type_id_2f476e4b" ON "auth_permission" ("content_type_id");
CREATE INDEX "django_session_expire_date_a5c62663" ON "django_session" ("expire_date");
CREATE UNIQUE INDEX "easy_thumbnails_thumbnail_storage_hash_name_source_id_fb375270_uniq" ON "easy_thumbnails_thumbnail" ("storage_hash", "name", "source_id");
CREATE UNIQUE INDEX "easy_thumbnails_source_storage_hash_name_481ce32d_uniq" ON "easy_thumbnails_source" ("storage_hash", "name");
CREATE INDEX "easy_thumbnails_source_storage_hash_946cbcc9" ON "easy_thumbnails_source" ("storage_hash");
CREATE INDEX "easy_thumbnails_source_name_5fe0edc6" ON "easy_thumbnails_source" ("name");
CREATE INDEX "easy_thumbnails_thumbnail_storage_hash_f1435f49" ON "easy_thumbnails_thumbnail" ("storage_hash");
CREATE INDEX "easy_thumbnails_thumbnail_name_b5882c31" ON "easy_thumbnails_thumbnail" ("name");
CREATE INDEX "easy_thumbnails_thumbnail_source_id_5b57bc77" ON "easy_thumbnails_thumbnail" ("source_id");
CREATE INDEX "mainapp_contentcard_topic_id_2028b953" ON "mainapp_contentcard" ("topic_id");
CREATE INDEX "mainapp_comment_topic_id_91961fd6" ON "mainapp_comment" ("topic_id");
CREATE INDEX "mainapp_comment_user_id_309b3388" ON "mainapp_comment" ("user_id");
CREATE INDEX "questionapp_question_topic_id_49c4069e" ON "questionapp_question" ("topic_id");
CREATE INDEX "questionapp_questioncard_topic_id_b8bcd511" ON "questionapp_questioncard" ("topic_id");
CREATE INDEX "questionapp_answer_question_id_125bd26c" ON "questionapp_answer" ("question_id");
COMMIT;
